name,stage,employees,raised,year_founded,tech_vertical,reg_number,website,description
Ovo Automotive,Seed,1-10,$3.5M,2019,"Automotive, Cloud, SaaS",515994838,https://ovo.auto,"OVO Automotive is a B2B SaaS company providing car fleet businesses like mobility players, fleet owners and car dealers full and remote control over their connected vehicle screens, driving in-vehicle customer ownership and enablement. Unlike solutions that run apps on the vehicle or on mirrored pho"
Vulcan,Mature,1-10,Undisclosed,,,,,
Axilion Smart,Public,11-50,$24M,2009,"Artificial Intelligence, Automotive, Climate Tech, IoT, SaaS, Smart City",520038548,https://axilion.com,"Axilion Smart Mobility is an AI Digital Twin company that empowers cities to reduce congestion, reduce pollution, and improve road safety. The company is reimagining what is possible for mobility through unique Digital Twin and AI that merges the physical and virtual worlds to help cities to see, un"
i4drive,Seed,1-10,$2M,2014,"Artificial Intelligence, Automotive, Insurtech, IoT, Machine Learning, Machine Vision, Smart City",515108264,https://i4drive.com,i4drive develops an AI software for fully connected autonomous vehicles. The company's patent-pending Multi-layered technology comprises real-time sensor data processing for better autonomous decisions and driving analytics. i4drive’s software-based solutions can be integrated with different hardwar
Auto Cool,Mature,11-50,Undisclosed,,,,,
Auto3P,Mature,51-200,Undisclosed,2000,"Automotive, Insurtech",513110742,https://auto3p.com,"Auto3P provides the automotive world with comprehensive information services, innovative data systems and software solutions. Auto3P's highly-reliable, modular and accurate solutions, make for sustained, long-term business efficiency, dramatically reduce operational costs and optimize business perfo"
Autoboom,Pre-Seed,1-10,$500K,,,,,
MIA Dynamics,Public,11-50,Undisclosed,2020,"Automotive, Defense Tech",516243284,http://www.miadynamics.com,MIA Dynamics delivers a revolutionary all-terrain quad wheel platform that is tailored to the smart mobility landscape. The company's mission is to create a new standard of efficiency & resilience that will proliferate cities globally with its collection of revolutionary micro e-vehicles that bear a
Airwayz Drones,Seed,11-50,Undisclosed,2018,"Artificial Intelligence, Automotive, Cloud, Defense Tech, Drones, Smart City",516010386,https://www.airwayz.co,"Airwayz is a developer of a cloud-based management platform, designed to be used for real-time monitoring and operating heterogeneous drone fleets. The company's platform is an artificial intelligence-based dynamic urchin tracking module and a multi-autonomous flight system that can control, manage "
ArrowSpot,Mature,11-50,Undisclosed,,,,,
AtlasCT,Mature,1-10,Undisclosed,,,,,
Autonomy AI,Pre-Seed,11-50,$4M,,,,,
Bluewhite,C,51-200,$89.7M,,,,,
Cando Drones,Seed,11-50,$100K,,,,,
CaPow,A,11-50,$23.5M,2018,"Automotive, Deep Tech, Industry 4.0, Robotics",515918035,https://capow.energy,"CaPow's solution is based on floor antennas that enable energy supply, while moving. It also reduces the use of lithium-ion batteries and allows integration into existing infrastructure, without significant changes to the warehouse design. The company works in collaboration with robot manufacturers "
Captain's Eye,Pre-Seed,11-50,$4M,,,,,
Cervello,Seed,11-50,$19.5M,2018,"Artificial Intelligence, Automotive, Cyber Security, IoT",515814770,https://cervello.security,"Cervello's cybersecurity platform enables rail organizations of all sizes to identify and resolve the most critical risks in their networks so they can run and manage their service more securely and efficiently, creating new degrees of safety and performance. Several of the world's leading railways "
CogniTeam,A,11-50,$9.8M,,,,,
Commcrete,A,11-50,$28.37M,,,,,
CorrActions,A,11-50,$10.95M,2019,"Artificial Intelligence, Automotive, Deep Tech",515999761,https://corractions.com,"CorrActions provides a software-only, motion based, driver monitoring product. CorrActions uses unconscious, uncontrollable, muscular submovements to monitor brain activity. By tracking these movements from sources like steering wheels or smartphones, CorrActions can detect a wide range of cognitive"
Crispify,Pre-Seed,1-10,$700K,,,,,
deliverz.ai,Seed,1-10,$3.6M,,,,,
Demandoo,Seed,1-10,Undisclosed,,,,,
DriveU.auto,Seed,11-50,$4M,2019,"Artificial Intelligence, Automotive, Cloud, Robotics",516090842,https://driveu.auto,"The DriveU.auto Teleoperation Connectivity Platform enables safe teleoperation of robots, autonomous vehicles, and more, using cellular bonding and dynamic encoding. The platform is already deployed and in use on public roads and provides high speed, low latency, ultra-reliable transmission of video"
E-Drive,Mature,11-50,Undisclosed,,,,,
Electreon,Public,51-200,$64.82M,2013,"Automotive, Climate Tech, Construction Tech, Smart City",520038126,http://www.electreon.com,"Electreon is a leading developer and provider of wireless charging solutions for electric vehicles. Its end-to-end charging infrastructure works with any type of EV, and is designed for shared mobility, as well as for public transit and commercial fleet operators. The company's proprietary inductive"
Elssway,Pre-Seed,1-10,$1.65M,,,,,
Enervibe,A,11-50,$4.1M,2016,"Automotive, Climate Tech, Deep Tech, Industry 4.0, IoT",515859809,https://enervibe.co,"Enervibe is developing devices, known as ""Vibration Energy Harvesters"" (VEH), devices that convert mechanical energy into electrical energy. The company's devices focus on the optimization of mechanical to electrical energy conversion and increase data integrity for monitoring systems, enabling clie"
Enigmatos,Mature,11-50,Undisclosed,2017,"Artificial Intelligence, Automotive, Big Data, Cloud, Cyber Security, IoT, Machine Learning",515312825,https://www.enigmatos.com,"Enigmatos' system studies the unique characteristics of each vehicle in the fleet and produces a unique profile for it through machine learning. After that, the company's system monitors the messages in the CAN network in real time and compares them to the profile. When Enigmatos' system detects a d"
Gasngo,Mature,11-50,$12M,2005,Automotive,515420180,https://gasngo.com,"GasNGo is a technology and service company offering the ultimate answer to fleet needs. Its comprehensive fleet control system allows fleet managers to view and control all fleet activity, transactions and maintenance online and in real-time. Since 2005, GasNGo has been providing patented, cost-effe"
Gloat,D,51-200,$186.4M,,,,,
GreenRoad,Mature,51-200,$98.9M,2004,"Artificial Intelligence, Automotive, IoT",513524587,https://greenroad.com,"GreenRoad developed active safety systems to improve driver behavior. The company's systems use unique technology to detect safety incidents, relying on a driving model that identifies complex driving scenarios in a wide range of hardware levels, depending on the type of vehicle. They also provide t"
High Lander,A,51-200,$17M,,,,,
Hoopo,A,51-200,$15.02M,2016,"Artificial Intelligence, Automotive, Deep Tech, Industry 4.0, IoT",515326452,https://www.hoopo.tech,"Hoopo provides monitoring and tracking solutions for non-motorized equipment. The company's technology allows end-to-end tracking both outdoors and indoors with the transmission of messages and data across long distances, enabling businesses to maintain low ownership costs and high power-efficiency "
Loginno,Mature,1-10,$100K,,,,,
Make My Day,A,11-50,$5.5M,2017,"Artificial Intelligence, Automotive, Big Data, Climate Tech, Machine Learning, SaaS",515651545,https://makemydayapp.com,"Make My Day helps Drivers and fleets shift to EVs and manage the charging of the vehicles. the company offers EV Route planner for drivers, full Fleet electrification solutions, EV fleet management system and EV charging optimization, to seamlessly adopt EV fleets, saving time, money, and operationa"
Micronet,Public,51-200,$4M,,,,,
Mida Computers,Mature,11-50,Undisclosed,,,,,
IRP Systems,C,51-200,$57M,2015,"Automotive, Deep Tech",514092758,https://www.irpsystems.com,"IRP systems delivers innovative high-performance E-powertrain systems. Its goal is to make electric mobility technology affordable for the mass market, making electric vehicles accessible to everyone, everywhere. Leveraging its breakthrough technology in control algorithms and powertrain design, the"
A2Z Advanced,Public,1-10,$55.91M,,,,,
Maris-Tech,Public,11-50,$19.8M,,,,,
Payton Planar,Public,11-50,Undisclosed,,,,,
Polyfos 3D,Pre-Seed,1-10,$1.58M,,,,,
Polyn Technology,Seed,11-50,$4.75M,,,,,
Weebit Nano,Public,11-50,$138.69M,,,,,
3d Signals,C,11-50,$36.78M,,,,,
5D-Sensing,Seed,1-10,Undisclosed,,,,,
Adhestick,Mature,1-10,Undisclosed,2002,"Automotive, Big Data",513189423,http://www.sti-ltd.org,"STI (Security Technology Integration) provides a wide range of Civil and security solutions for the para-military and policing forces. The company is developing, manufacturing and marketing, solutions and systems for the Civil and for the Homeland Security & Defense Global Market."
Aeromaoz,Mature,11-50,Undisclosed,,,,,
Alex Original,Mature,11-50,Undisclosed,,,,,
Alteco AI,Seed,1-10,$1M,,,,,
Alva Technologies,Mature,11-50,Undisclosed,,,,,
AMICELL - Amit,Mature,11-50,Undisclosed,,,,,
Amppera,Mature,11-50,Undisclosed,,,,,
ARTsys360,Mature,1-10,$3.95M,2013,"Automotive, Defense Tech, Drones",514907617,https://www.artsys360.com,"ARTsys360 is developing Anti drone system with an innovative Radar system to be deployed in restricted perimeters and compounds such as Airports, prisons, nuclear plants, water reservoir, energy stations, hotels stadiums and communications facilities which deliver the resources that are central to o"
Ashot Ashkelon,Public,51-200,Undisclosed,,,,,
Assembrix,Mature,11-50,Undisclosed,2014,"Automotive, Big Data, Industry 4.0, Robotics, SaaS",515014512,https://assembrix.com,"Assembrix developed a cloud-based platform that virtualizes 3D industrial printing. Its Virtual Manufacturing Space platform (VMS) enables a simpler, more efficient and secured production process by overseeing the entire additive manufacturing thread, from initial part model to the verified physical"
Augwind,Public,11-50,$98.91M,,,,,
Balena Science,Seed,11-50,Undisclosed,,,,,
Barantech,Mature,11-50,Undisclosed,,,,,
Bio-Nexus,Mature,1-10,$3M,,,,,
Blink,A,11-50,$24M,,,,,
Brillianetor,Mature,1-10,Undisclosed,,,,,
C-True,Mature,1-10,Undisclosed,,,,,
C2A Security,A,11-50,$26.7M,2016,"Artificial Intelligence, Automotive, Cyber Security, Industry 4.0, IoT, Machine Learning",515460111,https://www.c2a-sec.com,"C2A Security is an AI-driven product security orchestration platform for software-defined products and cyber-physical systems in regulated industries. It collaborates with major companies like BMW, Elekta, and NVIDIA, and has won a CLEPA Innovation Award for its DevSecOps platform. The platform enha"
CASTOR,Seed,11-50,$5.87M,,,,,
Ception,Seed,1-10,$7M,,,,,
Cognata,B,11-50,$27.8M,2016,"Artificial Intelligence, Automotive, Defense Tech, Machine Learning, Machine Vision",515486579,https://www.cognata.com,"Cognata allows companies that develop autonomous driving systems to enrich data from real test drives, using GenAI. The company's new solution is a complementary component to the company's simulator that creates a virtual environment that simulates in detail the reality on the road, from the exact s"
Continual,Public,11-50,$14M,,,,,
Copprint,A,11-50,$10.22M,,,,,
Cortica,D,11-50,$107.9M,2007,"Artificial Intelligence, Automotive, Deep Tech, DevOps, Drones, IoT, Machine Learning, Machine Vision, RetailTech, Smart City",513975250,http://www.cortica.com,"Cortica is developing a leading AI technology for visual perception. Its unique self-learning technology, backed by more than 200 patents, allows Cortica to develop multiple products that can read and understand images on a human level–thereby significantly exceeding the capabilities of the giant co"
Creative IC3D,Pre-Seed,1-10,$1M,,,,,
CU-BX,Seed,1-10,$1M,,,,,
Cybord,A,11-50,$12.95M,,,,,
Dan-Tech Energy,Mature,11-50,Undisclosed,2011,"Automotive, Robotics",513336479,http://www.danenergy.com,"Dan-Tech Energy specializes in the development of portable, rechargeable battery power systems, which are designed and manufactured for superior run times, reliability, durability, safety and ease of use. With a proven track of technical excellence, Dan-Tech has become an outstanding manufacturer in"
DATA Detection,Mature,11-50,Undisclosed,,,,,
Datagen,B,51-200,$68.5M,,,,,
Designer Energy,Seed,1-10,Undisclosed,,,,,
Diolan,Mature,1-10,Undisclosed,,,,,
Dor Group,Mature,11-50,Undisclosed,,,,,
Duality,B,51-200,$50M,,,,,
Duma Optronics,Mature,11-50,Undisclosed,,,,,
EasySend,B,51-200,$66.5M,,,,,
EcoTech,Mature,1-10,Undisclosed,,,,,
EExion,Seed,11-50,$2.4M,1968,"Automotive, Defense Tech",510496532,https://mobilinx.wixsite.com/website,"Xi Information Processing Systems has established itself as a chief developer, manufacturer and marketer of assorted vehicle tracking and navigation, GIS & data communications products and systems. Xi systems are field proven and incorporate mobile Geographic Information Systems (GIS) and data commu"
Eldrotec,Mature,1-10,Undisclosed,,,,,
Electriq,Seed,11-50,$24.88M,,,,,
Elspec,Public,51-200,Undisclosed,,,,,
Eltam Ein-,Mature,11-50,Undisclosed,1967,"Automotive, IoT, Smart City",550001374,https://www.eltam-eh.co.il/en,"ELTAM Ein Hashofet is a leading designer and manufacturer of advanced systems for lighting. A designer of energy efficient solutions for indoor, outdoor and agricultural lighting. Eltam is a one-stop-shop for energy efficient and intelligent street lighting systems. Eltam offers a package of LED dri"
Eltek,Public,51-200,$10M,,,,,
Engie,Mature,51-200,$7.3M,,,,,
Engineuity,A,1-10,$2.3M,,,,,
Enroute,Pre-Seed,1-10,$825K,,,,,
EntroSys,Mature,1-10,Undisclosed,,,,,
Epsilor-Electric,Mature,11-50,Undisclosed,1985,"Automotive, Defense Tech, SpaceTech",511067480,https://www.epsilor.com,"Epsilor is a globally recognized developer and manufacturer of custom and standard batteries, chargers and mobile power management systems. The company serves customers all over the world in the defense, aerospace and marine industries. Recently, Epsilor completed the development of the COMBATT ELI-"
EtherWaves,Mature,1-10,$2M,,,,,
ETV Energy,Mature,1-10,$12M,2008,"Automotive, Climate Tech",514120898,http://www.etvenergy.com,ETV Energy is engaged in developing the next generation Lithium-Ion Battery (LIB) for the Automotive and High-end markets. Novel battery chemistry based on a high voltage cathode is being developed for the automotive market to deliver specific energy of 220-250Wh/kg. The company has already gained a
EVCO Pro,Seed,1-10,Undisclosed,2018,Automotive,515844132,http://evco.pro,"Evco is developing a shock absorber for all types of vehicles that can provide a pleasant ride along with improved safety, steering and advanced road grips."
EVR Motors,Seed,11-50,$401.39K,2008,Automotive,514782135,https://evr-motors.com,"EVR Motors develops electric motors designed to meet the scalability requirements of the e-automotive industry. The company's motors are ferrite-based with patented dual-sided revolutions per minute architecture with light and high power density and torque density, enabling businesses to manufacture"
ExorGate,Mature,1-10,Undisclosed,,,,,
Feelit,A,11-50,$18.73M,,,,,
FlexiFuel,Seed,1-10,$15K,1968,"Automotive, Defense Tech",510496532,https://mobilinx.wixsite.com/website,"Xi Information Processing Systems has established itself as a chief developer, manufacturer and marketer of assorted vehicle tracking and navigation, GIS & data communications products and systems. Xi systems are field proven and incorporate mobile Geographic Information Systems (GIS) and data commu"
Flywheel Energy,Seed,1-10,$700K,,,,,
Foamotive,Mature,51-200,Undisclosed,,,,,
Frenel Imaging,Seed,1-10,$1M,,,,,
Frisimos,Mature,11-50,Undisclosed,,,,,
frontline.io,A,11-50,$12.8M,,,,,
Fusepoint,Mature,1-10,$1M,,,,,
FVMat,Pre-Seed,1-10,$850K,,,,,
Galileo Satellite,Mature,1-10,$3.46M,,,,,
GOARC,B,11-50,$19.9M,,,,,
Good2Go,Mature,1-10,Undisclosed,,,,,
Grafenika,Seed,1-10,$2.5M,,,,,
Green ELMF,Mature,1-10,$354K,,,,,
Green2Pass,Seed,1-10,$570K,2016,Automotive,515331593,,Green2Pass developed a laser beam system that detects vehicles from long distance and warns the driver before overtaking.
GuardKnox,A,11-50,$24M,2016,"Automotive, Cyber Security, IoT",515391837,https://www.guardknox.com,"GuardKnox is a leading automotive technology company ushering in the smartphonization of the next generation of vehicles by building high-performance, service-oriented, customizable, and secure-by-design products for the next generation of driver-centric mobility. GuardKnox enables the software-defi"
Imagry,A,51-200,$55.9M,2013,"Artificial Intelligence, Automotive, IoT, Machine Learning, Machine Vision",515173938,https://imagry.co,Imagry is an autonomous vehicle software provider that has created a mapless driving system. The company’s bio-inspired technology combines real-time vision-based perception network and imitation-learning AI for driving decision-making network. Imagry's software stack enables the autonomous vehicle 
Incentives,Mature,11-50,Undisclosed,2005,"Automotive, Climate Tech",,https://www.cenh2.com,"C.En uses hollow glass fibers to make a hydrogen storage system that is free in shape, safe, low weight and features a quick refueling process. Their technology demonstrates the feasibility of using hydrogen for transportation, electronics, and military applications."
Inomize,Mature,11-50,Undisclosed,,,,,
Inpris HumAIns,Seed,1-10,$2.6M,2011,"Artificial Intelligence, Automotive, Generative AI, IoT, Machine Learning, Machine Vision",514658277,https://www.humains.com,"Inpris's specializes in the development of advanced AI applications and human-machine interfaces. Inpris's flagship product, Mobility OS, incorporates several of our patented technologies, such as sightless touch, gesture recognition, and sightless type, to enable drivers to use infotainment and sma"
Intelichain Labs,Seed,11-50,Undisclosed,,,,,
Inuitive,Mature,51-200,$176M,,,,,
IonTerra,Mature,1-10,$3.96M,,,,,
iPhysicist,Mature,1-10,Undisclosed,2009,"Augmented Reality, Automotive, Machine Vision, Virtual Reality",514229954,http://www.iphysicist.com,"iPhysicist specializes in developing electro-optical systems, starting from optical design through production of prototypes to mass production."
IsraZion,Mature,1-10,Undisclosed,1986,Automotive,560009516,https://isrtransit.com,"ISR Corporation is well recognized as a pioneer in the mapping and tracking industry. From its start in 1986, ISR Corporation has installed custom fleet management systems for governmental and commercial customers world-wide, including the Executive Office of the President of the United States, the "
Karamba Security,B,11-50,$27M,2016,"Automotive, Cyber Security, Industry 4.0, IoT",515390979,https://karambasecurity.com,"Karamba Security offers end-to-end portfolio of products and services, which enable electric vehicle and IoT device manufacturers to protect their products against cyberattacks. Karamba’s unique hybrid of embedded and security expertise, and patented automation, enables OEMs to protect their vehicle"
Keylabs AI,Seed,1-10,$1.2M,,,,,
KiloLambda,Mature,1-10,Undisclosed,,,,,
King Engine,Mature,51-200,Undisclosed,,,,,
KITOV.ai,Mature,11-50,$10M,,,,,
Largix,A,1-10,$8.3M,,,,,
Lehavot,Mature,11-50,Undisclosed,,,,,
Lidwave,Seed,11-50,$10M,2019,"Automotive, Deep Tech, Robotics",516180213,https://www.lidwave.com,"Lidwave’s proprietary Finite Coherent Ranging (FCR) technology integrates all critical components onto a single chip, simplifying production and significantly reducing costs. The company's sensors enables speed measurement in addition to depth measurement at the pixel level, i.e. high-resolution D4 "
LIMIT Lock,Mature,1-10,Undisclosed,,,,,
Lingacom,A,1-10,$7.23M,,,,,
Lirhot Systems,Seed,1-10,$2M,,,,,
Magnus Metal,B,51-200,$74M,,,,,
Makalu Optics,Seed,11-50,Undisclosed,2019,"Automotive, Drones, Robotics",516082096,https://www.makaluoptics.com,"Makalu Optics is a disruptive leader in vision technology, specializing in advanced lidar platforms for 3D perception. The company's mission is to tackle life-saving, seemingly impossible vision challenges with innovative systems. Makalu's solutions are deployed across homeland security, large infra"
Maradin,Mature,1-10,$4M,2007,"Augmented Reality, Automotive, Virtual Reality",513962316,https://www.maradin.co.il,"Maradin enables the use of Lasers to Display and Sensor applications by its proprietary advanced Laser Beam Scanning (LBS) solutions, based on MEMS micro-mirrors, MEMS and video controllers
 
 Maradin’s innovative products, serve as core components for both automotive and consumer fast growing marke"
MASSIVit 3D,Public,51-200,$78.6M,,,,,
Matics,A,11-50,$20.75M,1985,"Automotive, IoT",511100471,http://www.ermtelematics.com,"ERM Advanced Telematics is an international technology company focused on automotive solutions, whose technologies and products are installed in more than 5 million vehicles worldwide. The company's solutions are based on a range of wireless technologies, including all available cellular generations"
Micro Point Pro,Mature,11-50,Undisclosed,,,,,
mifold,Mature,1-10,$3.3M,,,,,
Mobius,Mature,11-50,$5.8M,2013,"Artificial Intelligence, Automotive, IoT, Smart City",514969104,https://www.mobilityinsight.net,"MobilityInsight is developing cost effective and innovative end to end solution that includes mesh network of smart edge sensors for detecting RF signals of IOT, video analytics, I2V and other sensing technologies, combined with powerful server side analytics to support realtime multi-modal (private"
Mofet Etzion,Mature,11-50,Undisclosed,,,,,
Moodify,A,11-50,$19.3M,2015,"Artificial Intelligence, Automotive, Machine Learning",515662732,https://www.moodify.ai,"Moodify transforms the way scents are made to make better, more effective and sustainable consumer products, making the design and manufacturing faster, more scalable, accurate, cost effective and compliant. The company develops a behavioral and cognitive guidance system for driver safety & security"
Morel,Mature,1-10,Undisclosed,,,,,
MOTX,Seed,1-10,$1.65M,,,,,
MultiVu,Seed,1-10,$7M,,,,,
NanoLock,C,11-50,$50.2M,,,,,
Nemo,A,11-50,$7M,,,,,
Neo Composite,Mature,1-10,Undisclosed,,,,,
Neomatix,Mature,1-10,$3M,,,,,
NewCO2Fuels,A,1-10,$11.03M,,,,,
Next Plus,Mature,11-50,Undisclosed,,,,,
NoviSign,Mature,11-50,$200K,,,,,
NRG International,Mature,1-10,Undisclosed,1980,Automotive,511327876,http://www.nrg1.co.il/multilang/en,"NRG is involved in research and development of Hi-Tech products for the Automotive, Industry and Agricultural Equipment. NRG has a number of characteristics that are synergistic with normal lubricant oils and greases to create an effective motor lubrication system. NRG reduces friction to yield the "
NRG Spring,Seed,1-10,$400K,2012,Automotive,,https://www.nrgspring.com,"NRG Spring has developed a proprietary technology that provides a storage system for a variety of applications, ranging from short-term grid stabilizers to long-term bulk energy storage to portable battery replacement. The company’s system can store any type of energy in hydraulic batteries (accumul"
Nur Ink,Public,11-50,$12M,,,,,
Openeyes,A,11-50,$23M,,,,,
OpenLegacy,Mature,51-200,$61M,,,,,
OpsysTech,C,51-200,$82.5M,2016,Automotive,515386001,https://www.opsys-tech.com,"OPSYS is a fast growing private company providing solutions for a wide range of applications utilizing fiber optics technologies. OPSYS is a spinoff from a world wide leading optical communication company. In addition to OPSYS existing product line in the optical communication market, OPSYS is also "
Optima Design,Seed,1-10,$2.7M,2014,Automotive,515041325,http://www.optima-da.com,"Optima Design Automation represents the next generation in automotive safety verification. The company has pioneered a new fault analysis technology for accelerated semiconductor development that enables a 1,000X performance improvement over traditional fault simulation."
Ornit Blind Rivets,Mature,11-50,Undisclosed,,,,,
Oryx Vision,B,11-50,$67M,,,,,
OSG - Oran,Mature,51-200,Undisclosed,1979,"Automotive, Defense Tech",550004071,https://osg-group.com,"OSG is a leading worldwide developer and producer of bullet resistant, forced entry and blast resistant glass for the automotive and building industries.
 
 OSG developed a revolutionary transparent armor technologies, advanced LCD glass systems (ScreeneX), solar systems and many others has been dev"
OSR Enterprises,Mature,51-200,Undisclosed,2011,"Artificial Intelligence, Automotive, Cyber Security, IoT, Machine Learning",515049062,http://www.osrenterprises.com,"OSR Enterprises develops automotive intelligence systems that integrate AI, data analytics, IoT, and connected car technologies to power autonomous and smart mobility solutions. The company has developed the EVOLVER, a Multi-Domain AI Brain for vehicles. The EVOLVER's advanced architecture, high pro"
OttoFence,Seed,1-10,Undisclosed,,,,,
Ottopia,A,11-50,$26.5M,2018,"Artificial Intelligence, Automotive, Defense Tech, Machine Learning, Robotics, Smart City",515900702,https://ottopia.tech,"Ottopia is a software company that enables the commercial deployment of all autonomous vehicles (AVs). Using Ottopia's software, remote humans can solve any challenge that autonomy alone cannot. With Ottopia's technology, major OEMs and AV companies close the performance gap of AVs, cut R&D costs, p"
Palziv,Mature,51-200,Undisclosed,,,,,
Paxis,Mature,11-50,Undisclosed,1968,"Automotive, Defense Tech",510496532,https://mobilinx.wixsite.com/website,"Xi Information Processing Systems has established itself as a chief developer, manufacturer and marketer of assorted vehicle tracking and navigation, GIS & data communications products and systems. Xi systems are field proven and incorporate mobile Geographic Information Systems (GIS) and data commu"
PCT - Protective,Mature,1-10,Undisclosed,,,,,
Phantom Auto,B,51-200,$55.5M,,,,,
PHASE3,Mature,11-50,Undisclosed,,,,,
Phinergy,Public,11-50,$144M,2010,"Automotive, Climate Tech, Cloud, Deep Tech",514354786,https://phinergy.com,"Phinergy is an innovative cleantech company which develops breakthrough clean energy backup and resilience solutions for customers in a wide range of industries. The company's patented metal-air technology leverages the vast energy contained in aluminum and zinc, enabling energy generation by combin"
Pickoto,Seed,1-10,$500K,,,,,
Planit Scheduling,Mature,1-10,$300K,,,,,
Plataine,Mature,51-200,Undisclosed,1997,"Artificial Intelligence, Automotive, Industry 4.0, IoT",512489667,https://www.plataine.com,"Plataine’s solution is a TaaS (Tracking as a Service) solution, providing an innovative solution for production optimization and automation solutions to bridge the gap between CAD, ERP and the production gloor, enabling manufacturers to be more competitive by increasing material utilization, improvi"
PML,Mature,1-10,Undisclosed,,,,,
PointAR,Seed,1-10,$800K,,,,,
POLEG Plastic,Mature,51-200,Undisclosed,2002,"Automotive, Big Data",513189423,http://www.sti-ltd.org,"STI (Security Technology Integration) provides a wide range of Civil and security solutions for the para-military and policing forces. The company is developing, manufacturing and marketing, solutions and systems for the Civil and for the Homeland Security & Defense Global Market."
Polycart,Mature,11-50,Undisclosed,,,,,
Polymertal,Mature,11-50,$2.26M,2013,"Automotive, Deep Tech, Industry 4.0, SpaceTech",514948751,https://polymertal.com,"Polymertal provides an innovative technology that aims to improve the traditional use of metal products and components with its concept of hybrid products. The company combines metals and polymers with high bonding performance, enabling the successful replacement of metal items, even in critical app"
Polyram,Public,51-200,$123M,,,,,
Polyrit,Mature,11-50,Undisclosed,,,,,
Powermat,B,11-50,$110M,2006,"Automotive, IoT, Smart City",513814442,https://powermat.com,"Powermat Technologies provides advanced wireless charging & wireless power supply platforms to OEMs aiming to modernize their product roadmap. Recognized as one of the world leading inventors of wireless power solutions, Powermat's trend setting heritage, large scale first to market strategy based o"
PrintCB,A,1-10,$2M,,,,,
PV Nano Cell,Public,11-50,$9.69M,,,,,
PxE,Seed,1-10,$6.5M,,,,,
Pzartech,Mature,1-10,$212.17K,2014,"Artificial Intelligence, Automotive, DevOps, Industry 4.0, IoT",515223931,https://www.pzartech.com,Pzartech develops visual-recognition technologies that enable users of complex mechanical equipment to quickly identify parts using image processing and deep learning. They enable maintenance operators to receive information regarding the mechanical parts they are working on using cameras from smart
QualiSense,Seed,11-50,$8.5M,,,,,
QualityLine,Mature,11-50,$1.2M,,,,,
Questar,Mature,51-200,Undisclosed,2003,"Artificial Intelligence, Automotive, Big Data, Insurtech, Machine Learning",513367797,https://questarauto.com,"Questar Auto Technologies is a predictive vehicle health company introducing cutting-edge AI technology for automotive. Our technology consists of AI-based analytics software, advanced telematics, and years of accumulated data and intimate familiarity with automotive pain points. Questar uses unique"
RadSee,Seed,1-10,$3M,2017,Automotive,515663409,https://radsee.com,RadSee developed the first 4D imaging radar for the automotive industry delivering outstanding performance AND low cost. The radar’s unique architecture uses off-the-shelf components and patented technology to provide industry-leading performance and the flexibility to fit into existing Tier 1 and O
Redler,Mature,11-50,$2.43M,1994,"Automotive, Defense Tech, Robotics",512052077,https://www.redlertechnologies.com,"Redler specializes in the developing and marketing Electrical power and motion management solutions for the industrial, automotive, and defense industries. 
 Their advanced, innovative, embedded and patented DC motion control drivers and smart power circuit breakers will help keeping platforms in mo"
RFISee,Seed,1-10,$2.75M,,,,,
RFOptic,Mature,11-50,Undisclosed,,,,,
Saccade Vision,Seed,1-10,$1M,,,,,
Safe Distance,Mature,1-10,Undisclosed,,,,,
SafeCue,Seed,1-10,$500K,,,,,
SafeMode,Seed,11-50,$325K,2016,"Artificial Intelligence, Automotive, Big Data, Insurtech, RetailTech",515575066,https://www.safemode.co,"SafeMode’s cloud-based solution enhances fleets’ safety and efficiency by shifting the focus to the driver. With a unique behavioral AI platform, it enables fleets and mobility services to provide fundamental values to their drivers, leading to proactive modification of their driving behavior."
Safer Place,Mature,11-50,$1M,2011,"Automotive, Smart City",514589472,https://saferplace.com,"SaferPlace helps police and law enforcement agencies to detect non-conventional, high-risk traffic violations. The improvement of traffic enforcement increases road safety, reduces dangerous driving and prevents serious or fatal injury to pedestrians. For municipalities, Safer Place technology offer"
Salvation Battery,Pre-Seed,1-10,$250K,,,,,
SaverOne,Public,11-50,$29.89M,2014,"Artificial Intelligence, Automotive, Big Data, Insurtech, Machine Learning",515154607,https://www.saver.one,"SaverOne is a technology company that designs, develops, and commercializes OEM and aftermarket solutions and technologies to lower the risk of and prevent vehicle accidents. SaverOne’s initial product line is a suite of solutions that saves lives by preventing car accidents resulting from distracti"
Securepush,Mature,1-10,$2.9M,,,,,
Seevix Material,Mature,11-50,Undisclosed,,,,,
Senso-Optics,Mature,11-50,Undisclosed,,,,,
ShieldIOT,A,11-50,$11M,,,,,
Silib,Seed,1-10,$3M,2019,Automotive,516233673,https://www.si-lib.com,Silib is developing and scaling up the manufacturing of Li-ion battery technology which can increase the battery capacity by up to 40% while maintain the same form factor.
Sital Technology,Mature,11-50,Undisclosed,1993,"Automotive, SpaceTech",512441148,http://www.sitaltech.com,"Sital Technology develops products and expertise for communication bus applications in the avionics, aerospace and automotive industries. Sital embeds its vast experience and proficiency in its products which include the widely used Mil-Std-1553 and ARINC 429 IP cores, components, boards and testers"
SKM Aeronautics,Mature,11-50,Undisclosed,,,,,
SolCold,B,11-50,$14.37M,,,,,
SolidT,Pre-Seed,1-10,$1.65M,2023,"Automotive, Deep Tech",516779261,https://www.solidt-tech.com,"SolidT is pioneering next-generation solid-state heat pump technology, delivering active cooling and heating from the chip level through modules to entire systems. By combining cooling and heating in a single compact solution, SolidT eliminates the need for compressors and complex mechanical systems"
SOLRA-PV,Seed,1-10,$1M,,,,,
SP Nano,B,1-10,$9.85M,2007,"Automotive, SpaceTech",514036342,http://www.spnano.com,"SP Nano is the developer of SP1 - a revolutionary nano-reinforcement protein agent that will transform the composite materials and rubber industries by enabling the production of lighter, stronger and sustainable parts. SP Nano is commercializing the use of carbon-based nanoparticles in the rapidly "
Spectralics,Pre-Seed,1-10,$2.85M,,,,,
Spetrotec,Mature,11-50,Undisclosed,1989,"Automotive, IoT",511431918,https://www.spetrotec.com,"Spetrotec designs, develops and sells IoT electronics, online tracking systems and monitoring solutions. The company’s flagship software solution is Mabat-Online, a real-time monitoring and diagnostic system. Spectrotec's other products, which are integrated within the advanced iWatcher brand, inclu"
StoreDot,D,51-200,$200M,2012,"Automotive, Climate Tech, Deep Tech",514820117,https://www.store-dot.com,"StoreDot is a manufacturer of batteries and lithium-ion components designed for electric cars. The company offers XFC (Extreme Fast Charging) batteries for electric vehicles by combining nano-structural materials with organic and inorganic compounds and proprietary electrolytes, utilizing artificial"
SUNSET,Mature,1-10,Undisclosed,,,,,
Supergum,Mature,11-50,Undisclosed,,,,,
Tabor Electronics,Mature,51-200,Undisclosed,1971,"Automotive, Defense Tech, Quantum Technology, SpaceTech",510573157,https://www.taborelec.com,"Tabor Electronics has become a world-leading provider of high-end signal sources, featuring: RF, pulse, function and arbitrary waveform generators/transceivers, high-voltage amplifiers, waveform and modulation creation software. Tabor has earned global recognition for its highly skilled workforce an"
Tactile Mobility,C,11-50,$36M,2011,"Artificial Intelligence, Automotive, Big Data, IoT, Machine Learning, Smart City",514681972,https://tactilemobility.com,"Tactile Mobility is an automotive software company, focused on harnessing tactile data to enhance vehicle-road interaction. Through its advanced virtual sensing technology, the company leverages existing vehicle sensors to provide real-time analysis, employing AI and machine learning to gain insight"
Tag A Time,Mature,1-10,Undisclosed,,,,,
TakeOver,Pre-Seed,1-10,Undisclosed,,,,,
Tasq,Seed,11-50,$4M,,,,,
Tech360,Mature,1-10,Undisclosed,,,,,
Telcon,Mature,11-50,Undisclosed,,,,,
Tervizio,Seed,1-10,Undisclosed,2020,"Artificial Intelligence, Automotive",516426350,https://tervizio.com,"Tervizio is a developer of 3D imaging for the automotive industry, intending to improve safety. The company utilizes thermal energy to optimize 3D laser imaging detection and ranging technology at the pixel level to provide any range of resolution, thus enabling clients with obstacle detection and a"
TGL S.P.,Mature,11-50,Undisclosed,,,,,
Therma Sphera,Seed,1-10,$55K,,,,,
ThermoSiv,Mature,1-10,$1.3M,,,,,
ThirdEye Systems,Public,11-50,$10M,,,,,
Todos,Mature,1-10,Undisclosed,,,,,
Top Car Armoring,Mature,1-10,Undisclosed,,,,,
TourEngine,Mature,11-50,$9.49M,2006,"Automotive, Climate Tech",514341858,https://www.tourengine.com,Tour Engine is developing a revolutionary opposed-cylinder split-cycle internal combustion engine that increases the engine efficiency by over 50% and drastically reduces emissions; based on standard cylinder/piston technology. The company designed and built an operating split-cycle TourEngine™ prot
TriEye,A,51-200,$96M,2017,"Automotive, Deep Tech, Industry 4.0, Machine Vision, Robotics",515721744,https://trieye.tech,"TriEye is a developer of short-wave infrared imaging systems, designed to save lives and reduce risks of accidents in all weather and lighting conditions. The company's semiconductor technology and products are used to accelerate pixel level in a camera, which solves the automotive low-visibility ch"
Tritone,Seed,11-50,$5M,,,,,
Tupaia,Seed,1-10,Undisclosed,2020,"Artificial Intelligence, Automotive, Cloud, Construction Tech, Deep Tech, Drones, IoT, Smart City, SpaceTech",516187481,https://www.tupaia-pos.com,"Tupaia specializes in high precision positioning solutions within the cloud computing industry. The company offers a cloud-based positioning service that integrates with GNSS receivers and provides accurate location data for various applications. Tupaia's services cater to sectors, such as telecommu"
UBQ Materials,D,51-200,$268.2M,,,,,
Unispectral,A,11-50,$14.3M,,,,,
Uppler,Mature,11-50,Undisclosed,,,,,
Upstream,C,51-200,$105M,2017,"Artificial Intelligence, Automotive, Big Data, Cloud, Cyber Security, Insurtech, IoT, Machine Learning, SaaS",515630713,https://upstream.auto,"Upstream delivers a cloud-based, AI-powered data management platform purpose-built for connected vehicles, smart mobility, and IoT ecosystem. The Upstream Platform transforms fragmented, distributed mobility data into centralized, structured, and contextualized data lakes, unlocking its full potenti"
V-HOLA,Pre-Seed,1-10,Undisclosed,2019,"Automotive, IoT, SaaS",516258894,https://www.v-hola.com,"VHOLA's technology is an in-vehicle solution enabling predictive maintenance of the vehicle's performance by detecting its magnetic and electromagnetic emissions throughout the vehicle's lifetime. It also takes active actions, taking into consideration local regulation aspects, cabin occupancy, pass"
Valerann,A,11-50,$24M,2016,"Artificial Intelligence, Automotive, Big Data, IoT, Smart City",515027282,https://www.valerann.com,"Valerann offers data-driven, intelligent traffic management systems using artificial intelligence (AI), data analytics and data fusion."
Vidisco,Mature,11-50,Undisclosed,,,,,
viisights,A,1-10,$21.2M,,,,,
Virtual Extension,Mature,1-10,Undisclosed,2000,"Automotive, Construction Tech, IoT, Smart City",512840448,http://www.virtual-extension.com,"Virtual Extension develops and manufactures wireless networks for IoT / M2M applications. These include smart lighting control (street, highway and indoor), smart metering (electricity, water, gas and hybrid), as well as similar industrial, security and automotive applications that require robust an"
Virtual Spirits,Mature,1-10,Undisclosed,,,,,
Visionary.ai,Seed,11-50,$8M,2020,"Artificial Intelligence, Augmented Reality, Automotive, Deep Tech, Drones, IoT, Machine Learning, Robotics, Smart City",516288461,https://www.visionary.ai,Visionary.ai is a developer of a prediction-based image signal processor intended to make visual data capturing possible across all circumstances. The company's processor leverages artificial intelligence and computer vision technologies to improve the quality and detection of images and videos and 
Vtool,Mature,51-200,$2M,,,,,
White Raven,Seed,1-10,$3.5M,,,,,
XJet,Mature,51-200,$163.2M,2005,"Automotive, Deep Tech, Industry 4.0, IoT",513655233,https://xjet3d.com,"XJet is a provider of ground-breaking metal and ceramic additive manufacturing technologies and solutions. XJet developed and introduced the revolutionary NanoParticle Jetting™ technology. With a decade of research behind it, XJet NPJ technology enables the production of metal or ceramic parts with "
Xyte,A,51-200,$26.4M,,,,,
Yamar Electronics,Mature,1-10,Undisclosed,,,,,
Yous,Seed,1-10,Undisclosed,,,,,
VisIC,B,11-50,$92.6M,2010,Automotive,514467513,https://www.visic-tech.com,"VisIC is a developer of semiconductors, intended to provide voltage switches to the changing power conversion market. The company's gallium nitride-based transistors and switches exhibit better advantages in all power applications across the switching frequencies from several Hz to large amount of G"
Addionics,B,51-200,$73M,2017,"Artificial Intelligence, Automotive, Climate Tech, Deep Tech, Impact",515771194,https://www.addionics.com,"Addionics' core technology is based on the development of smart metals and 3D current collectors for lithium-ion batteries, replacing flat metal sheets with an advanced porous structure. This structural change improves current conduction within the cell, enables more efficient heat dissipation, exte"
Arbe Robotics,Public,51-200,$266M,2015,"Automotive, Deep Tech",515333128,http://www.arberobotics.com,"Arbe, a global leader in Perception Radar solutions, is spearheading a radar revolution, enabling safe driver-assist systems today while paving the way to full autonomous-driving. Arbe’s radar technology is 100 times more detailed than any other radar on the market and is a critical sensor for L2+ a"
Foresight,Public,51-200,$43.03M,2015,"Artificial Intelligence, Automotive, Machine Vision",520036062,https://www.foresightauto.com,"Foresight's flagship product is QuadSight system, a multi-spectral computerized vision solution, based on two stereoscopic daylight cameras and two long-wave thermal infrared cameras. Designed as the central vision system for autonomous and semi-autonomous vehicles, the system is capable of detectin"
Foretellix,C,51-200,$135.14M,2017,"Artificial Intelligence, Automotive, Generative AI, Insurtech",514453794,https://www.foretellix.com,"Foretellix is the leading enabler of safe autonomous vehicles. Its Foretify Physical AI toolchain accelerates the training, validation and safety evaluation of autonomous vehicles, making AI safe for the physical world.
 Foretellix empowers OEMs and AV developers to build next-generation AV technolo"
Jungo,Public,11-50,$11.5M,2013,"Artificial Intelligence, Automotive, Deep Tech, Insurtech, Machine Learning, Machine Vision",514663335,https://jungo.com,"Jungo is a leader in fleet safety technology, dedicated to reducing risks and enhancing road safety through AI innovation. Its flagship product, VuDrive, offers advanced driver monitoring with real-time alerts, in-cab dual camera, location and telematics information, and comprehensive risk analysis "
MOTOMEA,Mature,11-50,Undisclosed,,,,,
Rider Dome,Seed,11-50,$3.8M,2021,"Artificial Intelligence, Automotive",,https://www.riderdome.com,Rider Dome is a Computer Vision AI based collision alert system providing motorcycle riders with real-time alerts against critical threats on the road to prevent accidents before they happen.
TankU,Seed,1-10,$8M,2014,"Artificial Intelligence, Automotive, FinTech",515143394,https://www.tanku.com,"TankU is a technology and services company, committed to bringing the best possible technology to the gas service stations industry. TankU's innovative fully-automated fueling app improves customer satisfaction and increases company's loyal customer base."
3DBattery,Seed,11-50,$5.32M,2017,"Automotive, Climate Tech",515439354,https://www.3dbattery.co.il,"3DBattery's technology versatility and product innovation for Li-ion batteries is proposed as a step-change in the energy and power per volume and per weight of rechargeable batteries for a wide range of applications, from small electronic devices to transportation (EV) and energy GRID storage. Base"
634 AI,Seed,1-10,Undisclosed,,,,,
AD Knight,Seed,1-10,$2.91M,2018,"Automotive, IoT, Smart City",515898567,https://www.ad-knight.com,"AD Knight solution improves pedestrian safety in obscured and low visibility scenarios, where common ADAS systems often fail to detect. With 360˚ coverage, AD Knight sensors detect pedestrians’ personal devices, estimate their distance from the vehicle, and therefore enhance and complement the ADAS "
ADASKY,B,51-200,$85M,2015,"Artificial Intelligence, Automotive, Deep Tech, Digital Health, Machine Vision, Smart City",515312304,https://www.adasky.com,"ADASKY is a developer of an advanced thermal sensing technology, designed to increase the safety and performance of self-driven vehicles. The company's system combines a far infrared thermal camera with advanced machine vision algorithms that sense and analyze its surroundings by passively collectin"
Anachoic,Seed,1-10,$3.05M,2018,"Artificial Intelligence, Automotive",515877884,https://www.anachoic.com,Anachoic specializes in the development of Advanced Rider Assistance Systems (ARAS) for the Powered Two-Wheeler market. The company’s micro-radar platform provides riders with real-time 360◦ protection via its patented spatial audio HMI.
Apollo Power,Public,51-200,$414.28K,2014,"Automotive, Blockchain, Climate Tech, Drones, FinTech, SpaceTech",520043928,https://www.apollo-power.com,Apollo Power is a company focused on the development and manufacturing of solar energy solutions in the renewable energy sector. The company's main offerings include lightweight and flexible solar films that can transform any surface into an energy source. Apollo Power primarily serves the automotiv
Aquarius Engines,Public,11-50,$126.28M,2014,"Automotive, IoT",515114429,https://www.aquariusengines.com,"Aquarius Engines is a clean-tech / energy company developing and manufacturing small-scale power generation engines and generators. The company's core technology is a two-sided free-piston linear engine (FPLE), which converts fuel combustion into electric power with fewer moving parts, aiming for hi"
Aurora Labs,C,51-200,$97.5M,,,,,
Autobrains,C,51-200,$131.4M,2019,"Artificial Intelligence, Automotive",515928109,https://autobrains.ai,"Autobrains is a leading AI mobility company, radically rethinking AI for the safest route from ADAS to full autonomy. Revolutionizing how deep learning is applied, Autobrains’ patented self-learning and signature-based AI is a new approach to perception, closing the technology gaps toward the safest"
AxonPulse,Seed,11-50,$4.6M,,,,,
Blitz Motors,Public,11-50,$10.47M,,,,,
BNC Systems,Mature,1-10,Undisclosed,,,,,
BQR Reliability,Mature,11-50,Undisclosed,1989,"Automotive, DevOps, Industry 4.0, IoT",511359127,http://www.bqr.com,"Established in 1989, BQR provides Reliability, Availability, Maintenance and Safety tools (RAMS), Integrated Logistic Support (ILS), consulting services and software tools. Over the years BQR has successfully completed thousands of projects for major customers around the world."
Bright Way Vision,Mature,11-50,$25M,,,,,
Bringoz,A,51-200,Undisclosed,2016,"Automotive, RetailTech",515317360,https://www.bringoz.com,"Bringoz is a technology platform for logistics management, streamlining the logistics processes in general and the last-mile in particular, Bringoz provides its customers with a robust infrastructure enabling them to compete in today's demand-driven landscape."
Brodmann17,A,1-10,$19.39M,,,,,
CARRAR,A,11-50,$9.9M,2019,Automotive,516024825,https://carrar.net,"Carrar is a developer of battery modules with an internal thermal management system, designed for any EV from commercial fleets, buses and trucks to sports cars and professional race cars. The company's system, which is integrated into the battery system, dissipates and adjusts heat uniformly across"
CENS Materials,A,1-10,$7.16M,2005,"Automotive, Climate Tech",,https://www.cenh2.com,"C.En uses hollow glass fibers to make a hydrogen storage system that is free in shape, safe, low weight and features a quick refueling process. Their technology demonstrates the feasibility of using hydrogen for transportation, electronics, and military applications."
Charging,Public,1-10,Undisclosed,2021,"Automotive, Climate Tech, Robotics",516333671,https://www.chargingrobotics.com,"Charging Robotics develops various products based on wireless charging. A robotic system for wireless charging of EV. Once parked, the driver will initiate charging by use of a simple smart phone app. The autonomous robot will navigate under the vehicle and automatically charge it. By use of the rob"
CipherSiP,Seed,1-10,$4M,2018,"Automotive, Cyber Security, Industry 4.0, IoT",515863157,https://ciphersip.com,"CipherSiP is the only company that increases the bandwidth over existing protocols and protects vehicles from cyber attacks without changing the original protocols and Standards (i.e. CAN, CAN-FD/XL, LIN, SCADA). The company's novel approach uses Watermarked Communications™ Technology to create an i"
Cipia Vision,Public,51-200,$80.39M,,,,,
Click-Ins,B,11-50,$16.5M,2014,"Artificial Intelligence, Automotive, FinTech, Generative AI, Insurtech, Machine Learning",515130359,https://www.click-ins.com,"Click-Ins is a rapidly growing, next-generation AI SaaS vehicle inspection platform. 
 Click-Ins is dedicated to transforming time-consuming, costly, manual inspections into one digitized, automated, consistent and streamlined, near real-time process, without the need for special equipment or skille"
Eye-Net Mobile,Seed,11-50,$2.1M,2013,"Artificial Intelligence, Automotive, IoT, Smart City",514969104,https://www.mobilityinsight.net,"MobilityInsight is developing cost effective and innovative end to end solution that includes mesh network of smart edge sensors for detecting RF signals of IOT, video analytics, I2V and other sensing technologies, combined with powerful server side analytics to support realtime multi-modal (private"
InnerEye,Seed,11-50,Undisclosed,,,,,
Alango,Mature,11-50,Undisclosed,,,,,
