category,name,year_founded,stage,raised_m,employees,reg_number,website,description
EV & Clean Energy,Tomorrow.io,2016,Revenue Growth,468.0,150,515903235,https://www.tomorrow.io,"Tomorrow.io is the modern end-to-end platform for managing weather resiliency. The company combines next-generation space technology, generative AI and proprietary weather modeling to deliver better forecasting and decision-making capabilities. DeepSky, Tomorrow.io's platform, significantly increase"
ADAS & Safety,Vayyar,2011,Revenue Growth,296.0,140,514695915,https://vayyar.com,"Vayyar Imaging, a leader in 4D radar imaging, bridges the gap between radar robustness and LiDAR resolution. Initially focused on early-stage breast cancer detection via radio frequency technology, the company has expanded into automotive, smart home, robotics, retail, RF testing, and medical sector"
ADAS & Safety,Valens,2006,Revenue Growth,292.0,225,513887042,https://www.valens.com,"Valens Semiconductor is an Israel-based fabless semiconductor company specializing in advanced high-speed connectivity chipsets for automotive and professional audio-video markets. Its technology enables long-reach, uncompressed transmission of ultra-high-definition video, data, control signals, and"
Smart Cities & Mobility,ZOOZ Power,2013,Initial Revenues,241.7,30,514881564,https://www.zoozpower.com,"Zooz Power develops ultra-fast EV charging solutions powered by a flywheel-based energy storage system, enabling high-power charging without relying on grid upgrades. The company’s technology focuses on energy efficiency, grid stabilization, and sustainable electrification – particularly for the ele"
Components & Manufacturing,StoreDot,2012,Revenue Growth,218.0,83,514820117,https://www.store-dot.com,"StoreDot is a manufacturer of batteries and lithium-ion components designed for electric cars. The company offers XFC (Extreme Fast Charging) batteries for electric vehicles by combining nano-structural materials with organic and inorganic compounds and proprietary electrolytes, utilizing artificial"
Components & Manufacturing,Powermat,2006,Revenue Growth,200.5,45,513814442,https://powermat.com,"Powermat Technologies provides advanced wireless charging & wireless power supply platforms to OEMs aiming to modernize their product roadmap. Recognized as one of the world leading inventors of wireless power solutions, Powermat's trend setting heritage, large scale first to market strategy based o"
ADAS & Safety,Arbe,2015,Initial Revenues,174.5,150,515333128,http://www.arberobotics.com,"Arbe, a global leader in Perception Radar solutions, is spearheading a radar revolution, enabling safe driver-assist systems today while paving the way to full autonomous-driving. Arbe’s radar technology is 100 times more detailed than any other radar on the market and is a critical sensor for L2+ a"
InsurTech,Nexar,2015,Revenue Growth,171.5,132,515181907,https://www.getnexar.com,"Nexar is a developer of a mobile application, designed to detect driving hazards and prevent car accidents. The company's artificial intelligence-based dashcam application employs machine vision and sensor fusion algorithms, leveraging the user's phone's sensors to analyze and understand the car's s"
ADAS & Safety,Autobrains,2019,Revenue Growth,140.0,104,515928109,https://autobrains.ai,"Autobrains is a leading AI mobility company, radically rethinking AI for the safest route from ADAS to full autonomy. Revolutionizing how deep learning is applied, Autobrains’ patented self-learning and signature-based AI is a new approach to perception, closing the technology gaps toward the safest"
General Automotive Tech,OSR Enterprises,2011,Revenue Growth,140.0,60,515049062,http://www.osrenterprises.com,"OSR Enterprises develops automotive intelligence systems that integrate AI, data analytics, IoT, and connected car technologies to power autonomous and smart mobility solutions. The company has developed the EVOLVER, a Multi-Domain AI Brain for vehicles. The EVOLVER's advanced architecture, high pro"
Components & Manufacturing,Foretellix,2017,Revenue Growth,134.0,187,514453794,https://www.foretellix.com,"Foretellix is the leading enabler of safe autonomous vehicles. Its Foretify Physical AI toolchain accelerates the training, validation and safety evaluation of autonomous vehicles, making AI safe for the physical world.
 Foretellix empowers OEMs and AV developers to build next-generation AV technolo"
Cybersecurity,Upstream,2017,Revenue Growth,107.0,165,515630713,https://upstream.auto,"Upstream delivers a cloud-based, AI-powered data management platform purpose-built for connected vehicles, smart mobility, and IoT ecosystem. The Upstream Platform transforms fragmented, distributed mobility data into centralized, structured, and contextualized data lakes, unlocking its full potenti"
Fleet & Logistics,Electreon,2013,Initial Revenues,106.35,134,520038126,http://www.electreon.com,"Electreon is a leading developer and provider of wireless charging solutions for electric vehicles. Its end-to-end charging infrastructure works with any type of EV, and is designed for shared mobility, as well as for public transit and commercial fleet operators. The company's proprietary inductive"
Components & Manufacturing,TriEye,2017,Revenue Growth,101.0,105,515721744,https://trieye.tech,"TriEye is a developer of short-wave infrared imaging systems, designed to save lives and reduce risks of accidents in all weather and lighting conditions. The company's semiconductor technology and products are used to accelerate pixel level in a camera, which solves the automotive low-visibility ch"
Fleet & Logistics,GreenRoad,2004,Revenue Growth,93.5,174,513524587,https://greenroad.com,"GreenRoad developed active safety systems to improve driver behavior. The company's systems use unique technology to detect safety incidents, relying on a driving model that identifies complex driving scenarios in a wide range of hardware levels, depending on the type of vehicle. They also provide t"
Components & Manufacturing,VisIC,2010,Initial Revenues,88.8,45,514467513,https://www.visic-tech.com,"VisIC is a developer of semiconductors, intended to provide voltage switches to the changing power conversion market. The company's gallium nitride-based transistors and switches exhibit better advantages in all power applications across the switching frequencies from several Hz to large amount of G"
Fleet & Logistics,Fairmatic,2017,Revenue Growth,88.0,120,516667144,https://fairmatic.com,Fairmatic is creating a new commercial insurance category by delivering the first data-driven fleet insurance that rewards safety with savings. Fairmatic’s new approach leverages AI-powered technology in combination with deep telematics data to drive meaningful cost savings for fleets by valuing res
ADAS & Safety,ADASKY,2015,Initial Revenues,84.0,72,515312304,https://www.adasky.com,"ADASKY is a developer of an advanced thermal sensing technology, designed to increase the safety and performance of self-driven vehicles. The company's system combines a far infrared thermal camera with advanced machine vision algorithms that sense and analyze its surroundings by passively collectin"
EV & Clean Energy,Phinergy,2010,Initial Revenues,79.4,65,514354786,https://phinergy.com,"Phinergy is an innovative cleantech company which develops breakthrough clean energy backup and resilience solutions for customers in a wide range of industries. The company's patented metal-air technology leverages the vast energy contained in aluminum and zinc, enabling energy generation by combin"
General Automotive Tech,OPSYS Tech,2016,Revenue Growth,75.0,100,515386001,https://www.opsys-tech.com,"OPSYS is a fast growing private company providing solutions for a wide range of applications utilizing fiber optics technologies. OPSYS is a spinoff from a world wide leading optical communication company. In addition to OPSYS existing product line in the optical communication market, OPSYS is also "
EV & Clean Energy,Addionics,2017,Initial Revenues,74.0,98,515771194,https://www.addionics.com,"Addionics' core technology is based on the development of smart metals and 3D current collectors for lithium-ion batteries, replacing flat metal sheets with an advanced porous structure. This structural change improves current conduction within the cell, enables more efficient heat dissipation, exte"
ADAS & Safety,NoTraffic,2017,Revenue Growth,70.5,157,515717890,https://www.notraffic.tech,"NoTraffic is a developer of an autonomous traffic management platform, intended to reduce traffic congestion. The company's platform modernizes cities by transforming signalized intersections into a connected digital transportation network that enhances efficiency assures safety and maximizes infras"
Smart Cities & Mobility,Cortica,2007,Revenue Growth,67.9,29,513975250,http://www.cortica.com,"Cortica is developing a leading AI technology for visual perception. Its unique self-learning technology, backed by more than 200 patents, allows Cortica to develop multiple products that can read and understand images on a human level–thereby significantly exceeding the capabilities of the giant co"
EV & Clean Energy,Aquarius Engines,2014,Initial Revenues,66.0,60,515114429,https://www.aquariusengines.com,"Aquarius Engines is a clean-tech / energy company developing and manufacturing small-scale power generation engines and generators. The company's core technology is a two-sided free-piston linear engine (FPLE), which converts fuel combustion into electric power with fewer moving parts, aiming for hi"
General Automotive Tech,Fullpath,2012,Revenue Growth,59.865,230,514762673,https://www.fullpath.com,"Fullpath is an automotive industry's AI-first Customer Data Platform (CDP). The platform unifies first-party dealership data and activates it through powerful AI and marketing automation. Dealerships that invest in Fullpath create exceptional, hyper-personalized customer experiences that drive loyal"
EV & Clean Energy,IRP Systems,2015,Initial Revenues,57.0,80,514092758,https://www.irpsystems.com,"IRP systems delivers innovative high-performance E-powertrain systems. Its goal is to make electric mobility technology affordable for the mass market, making electric vehicles accessible to everyone, everywhere. Leveraging its breakthrough technology in control algorithms and powertrain design, the"
Fleet & Logistics,Air One,2017,Initial Revenues,50.0,60,516018785,https://www.airev.aero,"AIR is a leading dual-use aerospace OEM developing advanced eVTOL aircraft for both uncrewed cargo logistics, Defense, and FAA-certified piloted flight. With flight testing facilities in both Israel and the United States, AIR combines engineering, certification, and operational expertise under one m"
Smart Cities & Mobility,Tactile Mobility,2011,Initial Revenues,47.1,40,514681972,https://tactilemobility.com,"Tactile Mobility is an automotive software company, focused on harnessing tactile data to enhance vehicle-road interaction. Through its advanced virtual sensing technology, the company leverages existing vehicle sensors to provide real-time analysis, employing AI and machine learning to gain insight"
General Automotive Tech,YCD,1999,Initial Revenues,47.1,52,512740564,https://www.ycdmultimedia.com,"YCD Multimedia , a global provider of advanced digital signage software solutions, serving the retail, telecom, banking, gaming, entertainment, hospitality, educational, transportation, and corporate markets. 
 YCD provides businesses and organizations with a fully-scalable platform to attract and e"
EV & Clean Energy,Apollo Power,2014,Revenue Growth,45.1,100,520043928,https://www.apollo-power.com,Apollo Power is a company focused on the development and manufacturing of solar energy solutions in the renewable energy sector. The company's main offerings include lightweight and flexible solar films that can transform any surface into an energy source. Apollo Power primarily serves the automotiv
Mapping & Navigation,Rail Vision,2016,Initial Revenues,38.0,65,515441541,https://railvision.io,"Rail Vision is a leading provider of obstacle detection & classification systems in the railway industry. With the company’s unique cognitive sensor fusion technology, based on advanced electro-optic sensors, artificial intelligence and deep learning, Rail Vision systems detect objects on and along "
Cybersecurity,Karamba,2016,Initial Revenues,37.0,44,515390979,https://karambasecurity.com,"Karamba Security offers end-to-end portfolio of products and services, which enable electric vehicle and IoT device manufacturers to protect their products against cyberattacks. Karamba’s unique hybrid of embedded and security expertise, and patented automation, enables OEMs to protect their vehicle"
Fleet & Logistics,GasNGo,2005,Initial Revenues,36.25,30,515420180,https://gasngo.com,"GasNGo is a technology and service company offering the ultimate answer to fleet needs. Its comprehensive fleet control system allows fleet managers to view and control all fleet activity, transactions and maintenance online and in real-time. Since 2005, GasNGo has been providing patented, cost-effe"
General Automotive Tech,Foresight Autonomous,2015,Initial Revenues,29.4,72,520036062,https://www.foresightauto.com,"Foresight's flagship product is QuadSight system, a multi-spectral computerized vision solution, based on two stereoscopic daylight cameras and two long-wave thermal infrared cameras. Designed as the central vision system for autonomous and semi-autonomous vehicles, the system is capable of detectin"
Components & Manufacturing,Cognata,2016,Initial Revenues,27.8,38,515486579,https://www.cognata.com,"Cognata allows companies that develop autonomous driving systems to enrich data from real test drives, using GenAI. The company's new solution is a complementary component to the company's simulator that creates a virtual environment that simulates in detail the reality on the road, from the exact s"
General Automotive Tech,Donisi,2013,Initial Revenues,27.0,12,515223949,https://donisihealth.com,"Donisi supports patients with CHF and other chronic cardiopulmonary diseases, helping them avoid rehospitalization through simple daily monitoring of key health biomarkers that support timely detection of changes in lung fluid content.
 
 In April 2021, Donisi received FDA clearance for the Gili Pro"
Components & Manufacturing,Ottopia,2018,R&D,26.5,49,515900702,https://ottopia.tech,"Ottopia is a software company that enables the commercial deployment of all autonomous vehicles (AVs). Using Ottopia's software, remote humans can solve any challenge that autonomy alone cannot. With Ottopia's technology, major OEMs and AV companies close the performance gap of AVs, cut R&D costs, p"
General Automotive Tech,AudioBurst,2015,Initial Revenues,25.5,22,515275394,https://audioburst.com,"Audioburst is building the world’s largest growing library of audio content by listening to and indexing millions of audio files from a plethora of sources in real time. Powered by advanced NLP technology and a proprietary AI platform that indexes audio segments into searchable bursts in real-time, "
ADAS & Safety,Axilion,2009,Revenue Growth,25.0,10,520038548,https://axilion.com,"Axilion Smart Mobility is an AI Digital Twin company that empowers cities to reduce congestion, reduce pollution, and improve road safety. The company is reimagining what is possible for mobility through unique Digital Twin and AI that merges the physical and virtual worlds to help cities to see, un"
General Automotive Tech,GuardKnox,2016,Initial Revenues,25.0,27,515391837,https://www.guardknox.com,"GuardKnox is a leading automotive technology company ushering in the smartphonization of the next generation of vehicles by building high-performance, service-oriented, customizable, and secure-by-design products for the next generation of driver-centric mobility. GuardKnox enables the software-defi"
ADAS & Safety,BWV,2010,R&D,25.0,29,514538131,https://www.brightwayvision.com,"BrightWay Vision is developing a night-vision technology to make driving easier and safer by monitoring the forward environment facing the vehicle, allowing the driver, with assistance from the active safety systems, an opportunity to avoid an accident. BrightWay is developing an advanced night-time"
Fleet & Logistics,CaPow,2018,R&D,22.9,34,515918035,https://capow.energy,"CaPow's solution is based on floor antennas that enable energy supply, while moving. It also reduces the use of lithium-ion batteries and allows integration into existing infrastructure, without significant changes to the warehouse design. The company works in collaboration with robot manufacturers "
Smart Cities & Mobility,Valerann,2016,Initial Revenues,22.0,31,515027282,https://www.valerann.com,"Valerann offers data-driven, intelligent traffic management systems using artificial intelligence (AI), data analytics and data fusion."
Components & Manufacturing,MOV.AI,2016,Initial Revenues,21.418,45,516218740,https://www.mov.ai,"MOV.AI provides AMR manufacturers and integrators with the tools they need to create great robots quickly, allowing users to benefit from automation products that are as flexible as the age we live in. Born out of an unmet need, MOV.AI is a ROS-based Robotics Engine PlatformTM packaged in an intuiti"
2W/3W,City Transformer,2014,Initial Revenues,20.355,18,515047363,https://www.citytransformer.com,"City Transformer is a developer of an urban electric vehicle, designed to provide an upgraded driving experience. The company designs dimensions and riding behavior while driving to meet the complex challenges of a conventional passenger car, when in driving mode to that of a motorcycle in parking m"
ADAS & Safety,RodRadar,2012,Initial Revenues,20.0,30,514616069,https://www.rodradar.com,"RodRadar offers a unique technology platform, which automatically detects underground utility infrastructure in real time, on location and without the need for expert analysis. The company's proprietary radar technology, the Live Dig Radar® (LDR), along with its line of products, facilitates a new e"
General Automotive Tech,Binah.ai,2016,Initial Revenues,19.625,55,515413482,https://www.binah.ai,"Binah.ai’s award-winning software, delivered to organizations as an SDK (Software Development Kit), reduces the need for wearables, sensors, or dedicated hardware and transforms smartphones and other camera-equipped devices into wellness and health check tools. The AI-powered, video-based solution a"
Cybersecurity,Cervello,2018,Initial Revenues,19.5,22,515814770,https://cervello.security,"Cervello's cybersecurity platform enables rail organizations of all sizes to identify and resolve the most critical risks in their networks so they can run and manage their service more securely and efficiently, creating new degrees of safety and performance. Several of the world's leading railways "
Mapping & Navigation,Brain.Space,2018,R&D,19.5,40,515886992,https://www.brain.space,"Brain.space is a pioneering company specializing in non-invasive brain activity mapping and monitoring. The company develops advanced technologies like the Brain Sensei™ headgear, which uses AI and machine learning to analyze EEG data. Focused on healthcare, space exploration, and consumer applicati"
Fleet & Logistics,Questar,2003,Revenue Growth,19.1,150,513367797,https://questarauto.com,"Questar Auto Technologies is a predictive vehicle health company introducing cutting-edge AI technology for automotive. Our technology consists of AI-based analytics software, advanced telematics, and years of accumulated data and intimate familiarity with automotive pain points. Questar uses unique"
EV & Clean Energy,GalooliOTO,2009,Revenue Growth,18.8,227,513661637,https://www.galooli.com,"GalooliOTO develops systems for remote management and operational optimization of assets through monitoring, control, analysis of information, collected from the assets and remote control of their activities. The company collects information by using sensors from various facilities, such as batterie"
Smart Cities & Mobility,HopOn,2013,Revenue Growth,18.5,95,514911205,https://hopon.co,"HopOn's mobile ticketing platform streamlines payment and validation processes for public and shared transportation. HopOn's patented, hardware-free solution enables multiple simultaneous validations, shortening boarding time in any scenario, from CICO/CIBO to full BIBO. The platform also enables a "
EV & Clean Energy,C.En,2005,Initial Revenues,17.0,10,,https://www.cenh2.com,"C.En uses hollow glass fibers to make a hydrogen storage system that is free in shape, safe, low weight and features a quick refueling process. Their technology demonstrates the feasibility of using hydrogen for transportation, electronics, and military applications."
Fleet & Logistics,Hoopo,2016,Initial Revenues,17.0,30,515326452,https://www.hoopo.tech,"Hoopo provides monitoring and tracking solutions for non-motorized equipment. The company's technology allows end-to-end tracking both outdoors and indoors with the transmission of messages and data across long distances, enabling businesses to maintain low ownership costs and high power-efficiency "
Components & Manufacturing,SaverOne,2014,Initial Revenues,16.88,40,515154607,https://www.saver.one,"SaverOne is a technology company that designs, develops, and commercializes OEM and aftermarket solutions and technologies to lower the risk of and prevent vehicle accidents. SaverOne’s initial product line is a suite of solutions that saves lives by preventing car accidents resulting from distracti"
Fleet & Logistics,NanoScent,2017,Initial Revenues,15.85,20,515648715,https://nanoscentlabs.com,"Nanoscent is an Israeli start up company that develops, designs, and produces innovative sensors based on nanotechnology, founded in 2017. Behind NanoScent is a powerful tech team made of chemists, material scientists and data scientists developing hard-tech for climate tech sensing. NanoScent has r"
Components & Manufacturing,Unitronics,1989,Revenue Growth,15.5,150,520044199,https://www.unitronics.com,"Unitronics designs, manufactures, and markets advanced control and automation solutions. The company's extensive offering includes a complete line of PLCs with integrated HMI, full line of VFDs, a broad array of I/Os and complementary devices, as well as programming software for all aspects of contr"
InsurTech,Click-Ins,2014,Initial Revenues,15.4,20,515130359,https://www.click-ins.com,"Click-Ins is a rapidly growing, next-generation AI SaaS vehicle inspection platform. 
 Click-Ins is dedicated to transforming time-consuming, costly, manual inspections into one digitized, automated, consistent and streamlined, near real-time process, without the need for special equipment or skille"
Fleet & Logistics,Siyata Mobile,2010,Revenue Growth,13.0,18,515275246,https://www.siyatamobile.com,"Siyata Mobile (Publicly Traded ($SYTA)) is a leading global developer and provider of cellular communications solutions for enterprise customers, specializing in connected vehicle products for professional fleets, marketed under the Uniden® Cellular brand.
 
 
 Siyata's product line first made its d"
Components & Manufacturing,CompuLab,1992,Revenue Growth,12.5,103,511683351,https://www.compulab.com,"CompuLab is a leading manufacturer of innovative energy efficient computers. CompuLab product portfolio ranges from board level products such as CoM and SBC to complete systems. Compulab mini-PC computers are recognized as the smallest, most durable and highly integrated PCs in the industry and as s"
EV & Clean Energy,ETV Energy,2008,Initial Revenues,12.0,14,514120898,http://www.etvenergy.com,ETV Energy is engaged in developing the next generation Lithium-Ion Battery (LIB) for the Automotive and High-end markets. Novel battery chemistry based on a high voltage cathode is being developed for the automotive market to deliver specific energy of 220-250Wh/kg. The company has already gained a
Fleet & Logistics,ContGuard,2012,Initial Revenues,11.5,41,514922079,https://www.contguard.com,"Contguard is a global AI-based IoT technology company that provides comprehensive visibility and control for securing and monitoring goods in transit. Contguard is dedicated to empowering global companies by delivering full in-transit visibility, security, and sustainability, ensuring the optimizati"
Components & Manufacturing,Newsight,2016,Initial Revenues,11.3,20,515459014,https://www.newsight.com,"Newsight Imaging is an Israeli semiconductor startup founded with the goal of making 3D technology accessible for mass market applications across many industries: from Automotive, Industry 4.0, Smart City & Robotics to Water Safety & Healthcare. Newsight is a designer, developer, and manufacturer of"
Fleet & Logistics,CorrActions,2019,Initial Revenues,10.85,25,515999761,https://corractions.com,"CorrActions provides a software-only, motion based, driver monitoring product. CorrActions uses unconscious, uncontrollable, muscular submovements to monitor brain activity. By tracking these movements from sources like steering wheels or smartphones, CorrActions can detect a wide range of cognitive"
Fleet & Logistics,Blitz Electric Motors,2012,Initial Revenues,10.4,25,514788702,https://blitzmotors.com,Blitz Motors builds and manufactures fully-electric two-wheel vehicles for business fleets and consumers. The company offers two-wheel fleet managers attractive top quality strong and powerful vehicles at affordable prices and a platform to connect its innovative two wheel vehicles to the Electric r
Cybersecurity,Regulus Cyber,2016,Initial Revenues,10.35,12,515565729,https://www.regulus.com,"Regulus Cyber is disrupting the GNSS market with a software-only, connected and system-agnostic solution to detect, protect and mitigate smart spoofing. The company's product, Pyramid GNSS improves how satellite position, velocity and time-critical for numerous systems, including automotive, infrast"
Components & Manufacturing,Polymertal,2013,Initial Revenues,10.0,16,514948751,https://polymertal.com,"Polymertal provides an innovative technology that aims to improve the traditional use of metal products and components with its concept of hybrid products. The company combines metals and polymers with high bonding performance, enabling the successful replacement of metal items, even in critical app"
Components & Manufacturing,Lidwave,2019,R&D,10.0,18,516180213,https://www.lidwave.com,"Lidwave’s proprietary Finite Coherent Ranging (FCR) technology integrates all critical components onto a single chip, simplifying production and significantly reducing costs. The company's sensors enables speed measurement in addition to depth measurement at the pixel level, i.e. high-resolution D4 "
Smart Cities & Mobility,Visionary.ai,2020,Initial Revenues,10.0,25,516288461,https://www.visionary.ai,Visionary.ai is a developer of a prediction-based image signal processor intended to make visual data capturing possible across all circumstances. The company's processor leverages artificial intelligence and computer vision technologies to improve the quality and detection of images and videos and 
2W/3W,Ride Vision,2018,Initial Revenues,9.5,13,515817344,https://ride.vision,"Ride Vision was created by technologists by day, motorbike riders by road, to give any motorcycle Predictive Vision. Ride Vision’s computer vision and neural network based CAT™ - Collision Aversion Technology leverages standard hardware and cameras to sense, predict and warn riders of threats on the"
Mapping & Navigation,WiseSight,2017,Initial Revenues,9.0,24,515461481,https://www.wisesight.ai,"WiseSight is an AI technology company that revolutionizes parking management and enforcement. WiseSight's real-time data analytics and automated solutions provide customers with increased revenue, enhanced sustainability and improved traffic flow."
EV & Clean Energy,Nuel,2023,Initial Revenues,8.7,10,516826856,https://nuel.co.il,"Nuel is a clean tech company dedicated to helping businesses reduce their carbon footprint or trade in green credits. It utilizes an exclusive, patented technology that makes fuel cleaner, contributing to a more sustainable future."
EV & Clean Energy,Melodea,2010,R&D,8.5,22,514487990,https://melodea.eu,"Melodea is a pioneer in the development of an economically viable industrial process for the production of Nano Crystalline Cellulose (known as NCC or CNC) NCC from wood pulp and the sludge of the paper industry. Moreover, they develop unique technologies to assemble the NCC into: 
 
 • Ecologically"
Fleet & Logistics,Spinframe,2017,Initial Revenues,8.5,24,515615136,https://spinframe.com,"Spinframe develops AI, computer vision, and machine-learning-based vehicle-inspection systems that monitor and detect anomalies throughout supply chains, from assembly line to dealership to end customer."
Fleet & Logistics,Carrar,2019,R&D,8.4,25,516024825,https://carrar.net,"Carrar is a developer of battery modules with an internal thermal management system, designed for any EV from commercial fleets, buses and trucks to sports cars and professional race cars. The company's system, which is integrated into the battery system, dissipates and adjusts heat uniformly across"
General Automotive Tech,Actasys,2015,R&D,8.0,20,516762176,https://www.actasysinc.com,Actasys is a development stage company commercializing its unique ActaJet technology for sensor cleaning and advance cooling systems and is establishing leadership in critical areas to enable the safe and efficient future of the automotive and mobility industries. Actasys has multiple product develo
Smart Cities & Mobility,Eye-Net,2018,R&D,7.75,30,515847903,https://eyenet-mobile.com,"Eye-Net is a provider of a collision prediction and prevention software-based platform, designed to address safety challenges in the shared mobility landscape. The company's platform incorporates AI-powered algorithms that calculate user location and collision probability, as well as utilizes a soph"
General Automotive Tech,Imagry,2013,Initial Revenues,7.52,120,515173938,https://imagry.co,Imagry is an autonomous vehicle software provider that has created a mapless driving system. The company’s bio-inspired technology combines real-time vision-based perception network and imitation-learning AI for driving decision-making network. Imagry's software stack enables the autonomous vehicle 
Cybersecurity,C2A Security,2016,Initial Revenues,7.52,40,515460111,https://www.c2a-sec.com,"C2A Security is an AI-driven product security orchestration platform for software-defined products and cyber-physical systems in regulated industries. It collaborates with major companies like BMW, Elekta, and NVIDIA, and has won a CLEPA Innovation Award for its DevSecOps platform. The platform enha"
EV & Clean Energy,Carteav,2020,Initial Revenues,6.6,17,516256542,https://www.carteav.com,"Carteav is a developer of electric low-speed vehicles, designed for golf courses. The company offers autonomous driveless vehicles, which reduce complexity, cost and regulatory issues that can be resolved to enable safety, autonomous wireless charging of vehicles at golf courses."
Components & Manufacturing,SP Nano,2007,Initial Revenues,6.28,13,514036342,http://www.spnano.com,"SP Nano is the developer of SP1 - a revolutionary nano-reinforcement protein agent that will transform the composite materials and rubber industries by enabling the production of lighter, stronger and sustainable parts. SP Nano is commercializing the use of carbon-based nanoparticles in the rapidly "
Fleet & Logistics,EVR,2008,Initial Revenues,5.54,45,514782135,https://evr-motors.com,"EVR Motors develops electric motors designed to meet the scalability requirements of the e-automotive industry. The company's motors are ferrite-based with patented dual-sided revolutions per minute architecture with light and high power density and torque density, enabling businesses to manufacture"
Fleet & Logistics,Quicargo,2015,Initial Revenues,5.5,20,,https://quicargo.com,"Quicargo provides an online marketplace for shippers & carriers to benefit from unutilized truck loading spaces. Its platform monitors available trucks with empty space from multiple sources, analyses it in real-time, detects shippers needs and creates a database with essential information to instig"
Components & Manufacturing,Audio Pixels,2006,R&D,5.3,15,513853606,https://audiopixels.com.au,"Audio Pixels has developed an innovative technological platform for reproducing sound, thus enabling the production of an entirely new generation of speakers that will exceed the performance specifications and design demands of the world’s top consumer electronics manufacturers. Audio Pixels patente"
Fleet & Logistics,TruckNet,2014,Initial Revenues,5.25,40,515446474,https://www.trucknet.io,"Trucknet Enterprise is an “integration platform as a service” company. Its All-in-One digital, cloud-based platform enables transportation and logistics companies to reduce transport costs and save resources by optimizing shipments across all modes of transportation, through the use of Artificial In"
EV & Clean Energy,CENS,2014,Initial Revenues,5.15,5,514983121,https://censnano.com,"CENS is developing technology for increasing the energy and power of super-capacitors and lithium ion batteries by connecting carbon nanotubes (CNT) with various electrode materials to create highly conductive 3-dimensional structures for meeting the increasing demands of the electronics, transporta"
Smart Cities & Mobility,Mappo,2015,Initial Revenues,5.028,22,515196046,https://mappo.world,"Mappo specializes in location-based infotainment services within the tech industry. The company uses AI technology to provide drivers, passengers and pedestrians with a way to explore their surroundings through stories, fun facts, trivia and riddles tailored to their location. Mappo's platform prima"
Smart Cities & Mobility,Mobi,2013,Initial Revenues,5.0,10,514969104,https://www.mobilityinsight.net,"MobilityInsight is developing cost effective and innovative end to end solution that includes mesh network of smart edge sensors for detecting RF signals of IOT, video analytics, I2V and other sensing technologies, combined with powerful server side analytics to support realtime multi-modal (private"
Fleet & Logistics,Ultrawis,2019,Initial Revenues,5.0,13,515976603,https://www.ultrawis.com,"UltraWis LTD was co founded through 2019 by Lior Avitan and Erez Gernitzky, both are experts in machine learning, AI and basically how to get (super complicated) things done. 
 On their journey to autonomous cranes in a digital construction site they are launching their ADAS “ALL-IN-ONE” Solution.
 "
Fleet & Logistics,AirwayZ,2018,Initial Revenues,5.0,30,516010386,https://www.airwayz.co,"Airwayz is a developer of a cloud-based management platform, designed to be used for real-time monitoring and operating heterogeneous drone fleets. The company's platform is an artificial intelligence-based dynamic urchin tracking module and a multi-autonomous flight system that can control, manage "
InsurTech,Balcar Report,2020,Initial Revenues,5.0,5,516214673,https://balcar.co.il,"Balcar gives the users a report, which includes information about the used vehicle and the sellers. It referers to the history of the car, like insurance claims, accidents, theft and impairment, compared to the price list. Also, the company displays an information on the history of vehicle ownership"
EV & Clean Energy,HydroX,2015,R&D,4.83,34,515368629,https://hydrox.earth,"Hydro X is reinventing hydrogen storage and transportation with a disruptive technology which enables to store and transport hydrogen in a non-toxic, non-flammable, non-explosive, cost and energy-efficient carrier, driving the cost of hydrogen storage and transportation below US$1/kgH2 and unlocking"
ADAS & Safety,Maradin,2007,Initial Revenues,4.75,17,513962316,https://www.maradin.co.il,"Maradin enables the use of Lasers to Display and Sensor applications by its proprietary advanced Laser Beam Scanning (LBS) solutions, based on MEMS micro-mirrors, MEMS and video controllers
 
 Maradin’s innovative products, serve as core components for both automotive and consumer fast growing marke"
EV & Clean Energy,3Dbattery,2017,R&D,4.4,18,515439354,https://www.3dbattery.co.il,"3DBattery's technology versatility and product innovation for Li-ion batteries is proposed as a step-change in the energy and power per volume and per weight of rechargeable batteries for a wide range of applications, from small electronic devices to transportation (EV) and energy GRID storage. Base"
General Automotive Tech,Friendly Technologies,1997,Revenue Growth,4.4,73,512464785,https://friendly-tech.com,"Friendly Technologies is committed to delivering industry-leading solutions that foster improved device management and connectivity across telecommunications, utilities, and IoT industries. With a focus on innovation and user experience, Friendly Technologies continues to lead the way in making tech"
Fleet & Logistics,Make My Day,2017,Initial Revenues,4.33,12,515651545,https://makemydayapp.com,"Make My Day helps Drivers and fleets shift to EVs and manage the charging of the vehicles. the company offers EV Route planner for drivers, full Fleet electrification solutions, EV fleet management system and EV charging optimization, to seamlessly adopt EV fleets, saving time, money, and operationa"
EV & Clean Energy,Enervibe,2016,Initial Revenues,4.15,11,515859809,https://enervibe.co,"Enervibe is developing devices, known as ""Vibration Energy Harvesters"" (VEH), devices that convert mechanical energy into electrical energy. The company's devices focus on the optimization of mechanical to electrical energy conversion and increase data integrity for monitoring systems, enabling clie"
ADAS & Safety,ARTsys360,2013,Initial Revenues,4.0,15,514907617,https://www.artsys360.com,"ARTsys360 is developing Anti drone system with an innovative Radar system to be deployed in restricted perimeters and compounds such as Airports, prisons, nuclear plants, water reservoir, energy stations, hotels stadiums and communications facilities which deliver the resources that are central to o"
General Automotive Tech,DriveU.auto,2019,Initial Revenues,4.0,27,516090842,https://driveu.auto,"The DriveU.auto Teleoperation Connectivity Platform enables safe teleoperation of robots, autonomous vehicles, and more, using cellular bonding and dynamic encoding. The platform is already deployed and in use on public roads and provides high speed, low latency, ultra-reliable transmission of video"
Mapping & Navigation,IPGallery,2000,Revenue Growth,3.9,17,512899410,https://www.ipgallery.com,"IPgallery delivers holistic, modular, integrative, IoT-based, value-added services and solutions for CSPs, enterprises, governments, and cities. IPgallery's solutions include systems for resiliency, safe and smart cities, transportation, air and water quality, flood monitoring, public safety, homela"
EV & Clean Energy,Pi-Harvest,2006,R&D,3.5,10,514681782,http://www.pi-harvest.com,Pi-Harvest was suggesting a principally new technology based on Piezoelectric Micro Generator (Power Harvester) harnessing natural power from mechanical movement. It suggested no battery and life long device functioning.
Fleet & Logistics,Ovo Automotive,2019,R&D,3.5,6,515994838,https://ovo.auto,"OVO Automotive is a B2B SaaS company providing car fleet businesses like mobility players, fleet owners and car dealers full and remote control over their connected vehicle screens, driving in-vehicle customer ownership and enablement. Unlike solutions that run apps on the vehicle or on mirrored pho"
2W/3W,Rider Dome,2021,Initial Revenues,3.3,20,,https://www.riderdome.com,Rider Dome is a Computer Vision AI based collision alert system providing motorcycle riders with real-time alerts against critical threats on the road to prevent accidents before they happen.
Fleet & Logistics,t42,1999,Revenue Growth,3.1,40,513608943,https://www.starcomsystems.com,"t42 IoT Tracking Solutions plc (AIM: TRAC), formerly Starcom Systems plc, provides real-time tracking, analysis, monitoring and security IoT solutions for the global container and freight market and covers 55 countries, over 100 distributors and 50 logistics and support partners."
EV & Clean Energy,SiliB,2019,R&D,3.1,7,516233673,https://www.si-lib.com,Silib is developing and scaling up the manufacturing of Li-ion battery technology which can increase the battery capacity by up to 40% while maintain the same form factor.
Components & Manufacturing,Tour Engine,2006,Initial Revenues,3.014,12,514341858,https://www.tourengine.com,Tour Engine is developing a revolutionary opposed-cylinder split-cycle internal combustion engine that increases the engine efficiency by over 50% and drastically reduces emissions; based on standard cylinder/piston technology. The company designed and built an operating split-cycle TourEngine™ prot
ADAS & Safety,RadSee,2017,R&D,3.0,15,515663409,https://radsee.com,RadSee developed the first 4D imaging radar for the automotive industry delivering outstanding performance AND low cost. The radar’s unique architecture uses off-the-shelf components and patented technology to provide industry-leading performance and the flexibility to fit into existing Tier 1 and O
Components & Manufacturing,Greenkote,1999,Revenue Growth,2.9,20,512778119,http://www.greenkote.com,"Greenkote is the developer of a patented corrosion-blocking, thermal diffusion coating technology – the Greenkote® process. This process is eco-friendly, involving no solvents, heavy metals or acids. Greenkote coatings find many applications in automotive parts, rubber-to-metal molding, mining, oil/"
General Automotive Tech,SafeFields,2021,Initial Revenues,2.8,8,516441052,https://www.safefields-tech.com,"SafeFields presents a novel technology that reduces exposure to electromagnetic radiation, emitted by electric drive systems in all different modes of the vehicle, including idling, driving at different speeds and accelerating and decelerating. The company's system measures the magnetic field in rea"
ADAS & Safety,Anachoic,2018,R&D,2.3,9,515877884,https://www.anachoic.com,Anachoic specializes in the development of Advanced Rider Assistance Systems (ARAS) for the Powered Two-Wheeler market. The company’s micro-radar platform provides riders with real-time 360◦ protection via its patented spatial audio HMI.
General Automotive Tech,ioTen,2011,Initial Revenues,2.0,15,514699701,https://ioten.co,"IoTen/Coffee provides actionable business insights by analyzing empirical data from coffee machines, from all branch locations, from any existing type and any brand of coffee machine.
 With data from millions of coffee cups brewed, the algorithms can uniquely identify operational issues."
Smart Cities & Mobility,RunEL,2015,Initial Revenues,2.0,20,512743618,https://www.runel.net,RunEL is carving its way to be a technology leader in the 5G mobile wireless revolution. The company vision is: “to improve life experience by connecting people and things using superior technology” and its mission is to: “introduce the revolutionary Sparq-2020 chipset for 5G infrastructure that wil
General Automotive Tech,Trackimo,2013,Revenue Growth,2.0,39,,https://trackimo.com,"Trackimo is an IoT (Internet of Things) solution provider with proprietary technology, enabling worldwide connectivity for M2M (Machine to Machine) devices. The company aspires to transform business models through the development of customizable radio frequency mobile technology solutions that are e"
General Automotive Tech,Incentives Solutions,2002,Revenue Growth,1.5,100,513129312,http://www.incentives-solutions.com,"Incentives Solutions provides cloud based Incentives & Commission Management platforms to help companies achieve their maximum business potential through enhanced focus on sales achievements, simplified processes and increased control over budgets. Through comprehensive practices, simulation tools a"
Fleet & Logistics,Enigmatos,2017,R&D,1.5,13,515312825,https://www.enigmatos.com,"Enigmatos' system studies the unique characteristics of each vehicle in the fleet and produces a unique profile for it through machine learning. After that, the company's system monitors the messages in the CAN network in real time and compares them to the profile. When Enigmatos' system detects a d"
Components & Manufacturing,Griiip,2015,Initial Revenues,1.5,24,515321966,https://www.griiip.com,"Griiip has developed a cloud-based data platform that enables the transmission of motorsport data directly from the racing car and then both analyses and visualizes it in the cloud.
 The solution includes direct access to raw data from the vehicle electronic units through a hardware component, the R"
General Automotive Tech,Whilx,2023,R&D,1.5,5,516995115,https://www.whilx.tech,"Whilx is developing an add-on autonomous system for adaptive optimization of the tire pressure in real time, ensuring that the contact are of the tire with the road is always optimal."
ADAS & Safety,SaferPlace,2011,Initial Revenues,1.3,13,514589472,https://saferplace.com,"SaferPlace helps police and law enforcement agencies to detect non-conventional, high-risk traffic violations. The improvement of traffic enforcement increases road safety, reduces dangerous driving and prevents serious or fatal injury to pedestrians. For municipalities, Safer Place technology offer"
Smart Cities & Mobility,VizibleZone,2019,Initial Revenues,1.2,6,515959716,https://www.vizible.zone,"Viziblezone is on a mission to turn mobile phones into life-saving devices. The company promotes a new Phone to Everything (P2X) concept, which offers a proven potential for various life-guarding applications, driven by context-sensitive data collected and processed by roaming mobile phones. One of "
Components & Manufacturing,Vootto,2018,Initial Revenues,1.07,12,515739688,https://vootto.com,"Wise Smoker (Vootto) is a manufacturer of a car air purifier intended to eliminate all types of smoke from the vehicle. The company's purifier operates through a 4-stage filtration system and has engine blades that provide powerful suction, enabling users to eliminate pollutants from the air and dis"
Smart Cities & Mobility,i4drive,2014,Initial Revenues,1.05,6,515108264,https://i4drive.com,i4drive develops an AI software for fully connected autonomous vehicles. The company's patent-pending Multi-layered technology comprises real-time sensor data processing for better autonomous decisions and driving analytics. i4drive’s software-based solutions can be integrated with different hardwar
Components & Manufacturing,Remote Energy,2021,R&D,1.05,8,516487154,https://remot.energy,"Remote Energy’s developments utilize electric field charging, a solution that enhances cost-effectiveness, employs lightweight and compact components and grants exceptional freedom to drivers and operators."
Fleet & Logistics,Bringoz,2016,Initial Revenues,1.0,35,515317360,https://www.bringoz.com,"Bringoz is a technology platform for logistics management, streamlining the logistics processes in general and the last-mile in particular, Bringoz provides its customers with a robust infrastructure enabling them to compete in today's demand-driven landscape."
Smart Cities & Mobility,RoadSense,2019,Initial Revenues,1.0,8,515984631,https://www.roadsense.tech,"RoadSense enhances traffic safety, helps to reduce car accidents and provides technological infrastructure to all types of vehicles by using sustainable energy."
Components & Manufacturing,Agam Energy,1998,Initial Revenues,0.9,10,512515586,http://agam-greenhouses.com/,"Agam develops and manufactures innovative, energy-conserving and environmentally friendly dehumidification, heating and cooling systems. Agam’s solutions serve the needs of horticultural and agricultural industries, including nurseries and recently developed medical cannabis industries in greenhouse"
General Automotive Tech,Rubidium,1995,Initial Revenues,0.8,25,512089129,http://www.rubidium.com,"Rubidium is a recognized innovator of embedded Speech Processing solutions that cover the entire scope of Voice User Interface (VUI): speech recognition (ASR), speech synthesis (TTS) and Always-on Voice Triggering, to mention a few. Rubidium is on the front line of today's hottest technology trends:"
Fleet & Logistics,Revoltz,2021,R&D,0.65,7,516356870,https://revoltzev.com,"Revoltz develops and potentially commercializes EV-based micro-mobility vehicles for urban and last mile logistics transportation, under a JV between Medigus and EMuze."
Components & Manufacturing,IBC Coating,1996,Initial Revenues,0.4,70,512363862,https://www.ibccoatings.com,"IBC’s expertise is in surface engineering, providing advanced surface treatment technologies for wear resistant, corrosion resistant applications and fatigue of tools and components. The company's innovative surface treatments are based on low pressure plasma and thermo-chemical reactions.
 
 IBC in"
Fleet & Logistics,OfficeTrack,2000,Initial Revenues,0.33,40,512908971,https://officetrack.com,"OfficeCore is a leading software company that develops, markets and delivers cellular location based SaaS solutions, and SMSCenter software messaging gateway services. OfficeCore solutions and services are offered both to mobile operators/services providers and business customers. OfficeCore's locat"
Components & Manufacturing,MEA Testing,1998,Initial Revenues,0.3,13,512558669,https://meatesting.net,"MEA is focusing on advanced electronic and processing capabilities. With joint cooperation from local industries, MEA has developed a new patent-pending technology for testing electrical machines. This platform extends to include testing of all types of different electrical motors, their components "
Smart Cities & Mobility,Pixtier,2010,Initial Revenues,0.3,5,514473024,https://www.pixtier.com,"Pixtier is a platform providing professional 3D map processing software for drones. Pixtier's SaaS solution allows users to produce high quality 3D maps from simple aerial photographs automatically. The technology is based on proprietary image processing and computer vision algorithms, enabling fast"
General Automotive Tech,Gorilla Link,2019,Initial Revenues,0.12,5,516051398,https://www.gorilla.link,"GorillaLink is a Satellite IoT connectivity company offering a Platform‑as‑a‑Service that virtualizes satellite networks to deliver always‑on device connectivity “any industry, anytime, anywhere.” Their offering spans edge‑to‑cloud communications and vertical solutions such as automotive, smart grid"
ADAS & Safety,AD Knight,2018,R&D,0.1,8,515898567,https://www.ad-knight.com,"AD Knight solution improves pedestrian safety in obscured and low visibility scenarios, where common ADAS systems often fail to detect. With 360˚ coverage, AD Knight sensors detect pedestrians’ personal devices, estimate their distance from the vehicle, and therefore enhance and complement the ADAS "
Fleet & Logistics,SafeMode,2016,Initial Revenues,0.06,15,515575066,https://www.safemode.co,"SafeMode’s cloud-based solution enhances fleets’ safety and efficiency by shifting the focus to the driver. With a unique behavioral AI platform, it enables fleets and mobility services to provide fundamental values to their drivers, leading to proactive modification of their driving behavior."
Components & Manufacturing,LogiTag,2004,Initial Revenues,0.05,20,513512830,https://logi-tag.com,"LogiTag develops, manufactures, and markets intelligent, best-in-class RFID solutions and systems for tracking, monitoring, and managing inventory, assets, and people. LogitTag identified a growing need for advanced RFID technology with applications in healthcare, security, and enterprise. LogiTag’s"
Fleet & Logistics,MyRouteOnline,2009,Initial Revenues,,10,514676618,https://www.myrouteonline.com,"MyRouteOnline is a web-based Route Planner, for route planning multiple stops online. With 20 years of experience in vehicle routing and scheduling business, the company's algorithm automatically calculates all possible routes and gives an optimized and efficient route for different types of users. "
Components & Manufacturing,RB Systems,1995,Initial Revenues,,10,,http://www.rb-sys.com,R.B Systems Ltd. was founded by Mr. Doron Mishor for the development and manufacture of advanced electronic products which have since become well respected in residential and commercial industry. Over the years R.B Systems has gained a worthy reputation in 'state of the art' electronic technology. T
Fleet & Logistics,Parknav,2011,Initial Revenues,,10,516411816,https://parknav.com,"Parknav's solution offers easy integration and high quality performance for automotive OEMs, fleet management companies, telematics solutions and location based services. It uses artificial intelligence to know where there is open on-street parking in real-time."
Fleet & Logistics,ISR,1986,Revenue Growth,,10,560009516,https://isrtransit.com,"ISR Corporation is well recognized as a pioneer in the mapping and tracking industry. From its start in 1986, ISR Corporation has installed custom fleet management systems for governmental and commercial customers world-wide, including the Executive Office of the President of the United States, the "
ADAS & Safety,Makalu Optics,2019,R&D,,10,516082096,https://www.makaluoptics.com,"Makalu Optics is a disruptive leader in vision technology, specializing in advanced lidar platforms for 3D perception. The company's mission is to tackle life-saving, seemingly impossible vision challenges with innovative systems. Makalu's solutions are deployed across homeland security, large infra"
Components & Manufacturing,Tortech,2011,R&D,,10,514527761,https://www.tortechnano.com,Tortech has an exclusive license to use the patented technology developed at the Cambridge University for the manufacturing of continuous Carbon Nano Tube (CNT) fibers and non-woven mats with superior physical properties directly from gas phase reaction. In contrary to many other manufacturers which
Components & Manufacturing,TamiCare,2001,R&D,,10,514134964,https://www.tamicare.com,"Tamicare manufactures 3D printing machinery to print fabrics. The product can be used to create finished textile products. It company caters to sportswear, wearable, fashion, medical, hygiene, cosmetics, interior, footwear and automotive industry."
Components & Manufacturing,Virtual Extension,2000,Initial Revenues,,10,512840448,http://www.virtual-extension.com,"Virtual Extension develops and manufactures wireless networks for IoT / M2M applications. These include smart lighting control (street, highway and indoor), smart metering (electricity, water, gas and hybrid), as well as similar industrial, security and automotive applications that require robust an"
Fleet & Logistics,Steerlinq,2025,Initial Revenues,,12,,https://steerlinq.com,SteerLinq is the remote-control / vehicle-conversion division of A.T.M. Automotive Tech Mobility within the Shagrir Group. The unit develops and integrates retrofit kits that convert conventional vehicles (light military vehicles up to heavy trucks and tracked platforms) into remotely-operable or un
Components & Manufacturing,Dan-Tech Energy,2011,Initial Revenues,,12,513336479,http://www.danenergy.com,"Dan-Tech Energy specializes in the development of portable, rechargeable battery power systems, which are designed and manufactured for superior run times, reliability, durability, safety and ease of use. With a proven track of technical excellence, Dan-Tech has become an outstanding manufacturer in"
ADAS & Safety,DYM Sense,2018,R&D,,15,516385531,https://www.dymsense.com,"DYM Sense is revolutionizing vehicle safety with advanced, non-invasive alcohol detection technology. This cutting-edge solution accurately measures a driver's blood alcohol level with a simple touch, seamlessly integrating into vehicle controls like the start button or steering wheel. The system in"
General Automotive Tech,JpU.IO,2015,Initial Revenues,,15,,http://www.jpu.io,"JpU develops a robust, purpose-built mobile core network for Enterprise Private 4G/5G services and for Global Enterprises and SPs. The JpU HyperCore platform, a 4G/5G Network, simplifies management of complex cellular networks, with IT friendly experience, delivers built-in security for all connecte"
Fleet & Logistics,EVEdge,2018,Initial Revenues,,17,515889855,https://evedge.co.il,"EVEdge is offering a variety of solutions for charging electric vehicles. The company's solutions are adapted to all potential sectors: private customers who buy an electric vehicle, employers who include electric vehicles in their vehicle fleet, businesses who wish to offer charging services to the"
2W/3W,Cardo,2004,Revenue Growth,,180,513363101,https://www.cardosystems.com,"Cardo Systems delivers cutting-edge Communication devices for groups in motion. Connecting motorcycle riders, outdoor enthusiasts, and adventure seekers to their phone, their music, and to each other. Cardo launched the world’s first motorcycle Bluetooth-based wireless intercom headset in 2004 and h"
Cybersecurity,CyMotive,2016,Revenue Growth,,190,515486629,https://www.cymotive.com,"Cymotive develops cyber security solutions for original equipment manufacturers and automotive suppliers. The company specializes in automotive security solutions through a holistic offensive-defensive approach, catering to autonomous and semi-autonomous cars with an internet connection."
Mapping & Navigation,Charging Robotics,2021,R&D,,2,516333671,https://www.chargingrobotics.com,"Charging Robotics develops various products based on wireless charging. A robotic system for wireless charging of EV. Once parked, the driver will initiate charging by use of a simple smart phone app. The autonomous robot will navigate under the vehicle and automatically charge it. By use of the rob"
Components & Manufacturing,Isra-Juk Electronics,1999,R&D,,2,512880477,http://www.israjuk.com,"Isra-Juk Electronics aims to manufacture & sell smart systems that detect electricity faults (wiring & equipment) - in buildings, automotive systems, factories and aircrafts. In addition, the company is developing the Mains-Ranger(TM) products which address the issues of: energy-waste on electrical-"
Components & Manufacturing,Sital,1993,Initial Revenues,,20,512441148,http://www.sitaltech.com,"Sital Technology develops products and expertise for communication bus applications in the avionics, aerospace and automotive industries. Sital embeds its vast experience and proficiency in its products which include the widely used Mil-Std-1553 and ARINC 429 IP cores, components, boards and testers"
Components & Manufacturing,Noam Urim,1976,Initial Revenues,,20,511901621,https://noam-urim.com,"Noam Urim is a leader in the manufacture of needle-punched nonwoven fabrics. Noam Urim processes polyester, polypropylene, and viscose fibers to produce its range of super-absorbent needle-punched wipes. The company offers a variety of fabrics with different features for applications such as dry cle"
Components & Manufacturing,ELTAM Ein Hashofet,1967,Revenue Growth,,200,550001374,https://www.eltam-eh.co.il/en,"ELTAM Ein Hashofet is a leading designer and manufacturer of advanced systems for lighting. A designer of energy efficient solutions for indoor, outdoor and agricultural lighting. Eltam is a one-stop-shop for energy efficient and intelligent street lighting systems. Eltam offers a package of LED dri"
Fleet & Logistics,EDT,1988,Revenue Growth,,22,511295131,http://www.e-drivetech.com,"E-Drive Technology is a manufacturer and provider of smart fleet management, fuel management, and telematic solutions for the automotive industry. EDT develops its own proprietary hardware, firmware, and management software products in an integrated development environment."
General Automotive Tech,Mobius Protection Systems,2000,Initial Revenues,,24,514258631,https://www.mobius-ps.com,"Mobius Protection Systems is a company of Energy Absorbing solutions for armored vehicles, eVTOL's, aircraft's and Naval vessels. The company offers solutions and range of systems are focused on simplicity, innovation and flawless performance. Mobius's seat solutions are designed to provide performa"
Smart Cities & Mobility,Deeyook,2019,Initial Revenues,,25,515634277,https://www.deeyook.com,"Deeyook offers precise location-as-a-service through its patented wireless-based firmware solution that is self-learning, ubiquitous, ultra-precise, passive and low power, allowing indoor and outdoor position determination."
Fleet & Logistics,Aeroshela,2017,R&D,,3,511079139,http://www.aeroshela.kd.co.il,"Aeroshela is a company engaged in development of Hydrogen IC engine. Hydrogen is one of the essential elements for tackling the climate crisis and the possibility to embrace it can only serve the world for a better future. 
 Hydrogen is the most abundant element on Earth is safe to use, found practi"
Components & Manufacturing,MicroAssembly,2000,Initial Revenues,,3,512896085,https://mat-ltd.com,"MAT is a Die Attach and Dispensing equipment manufacturer specializing in providing machines and turn-key solutions for most advanced die attach and dispensing applications The MAT machines perform Eutectic and/or Adhesive based applications for complex Multi Chip Modules, Imaging devices, Sensors, "
General Automotive Tech,Olive Engineering,2005,Initial Revenues,,3,513916635,https://www.olive-eng.co.il,"Olive Engineering specializes in designing unique solutions involving helicopters for search and rescue missions. The company is focused primarily on R&D and business development activities. In addition, the company has developed an IP strategy and is covered by patent pending applications which cov"
Fleet & Logistics,GoTech Vision,2013,Initial Revenues,,3,514863356,https://www.gotechvision.com,"GoTech Vision has developed Genesys, a Generic Solution for Physical Security Information Management including: Advanced events managing and real time alerts, Interactive maps and GIS, Automated rules and actions, Seamless integration with Video and Analytics, Access Control, Intruder detection, Fir"
General Automotive Tech,Proactive 4 SCM,2010,Initial Revenues,,3,514549948,http://www.proactive4.com,Proactive 4 SCM's mission is to provide a BPM suite which enables customer's across a variety of industrial sectors to access BPM disciplines and meet the management challenge of wide continual business process improvement. Proactive 4 provides organizations with the capability of understanding thei
Components & Manufacturing,Xi,1968,Initial Revenues,,3,510496532,https://mobilinx.wixsite.com/website,"Xi Information Processing Systems has established itself as a chief developer, manufacturer and marketer of assorted vehicle tracking and navigation, GIS & data communications products and systems. Xi systems are field proven and incorporate mobile Geographic Information Systems (GIS) and data commu"
Components & Manufacturing,Smart Films,2013,Initial Revenues,,3,514938018,https://www.smartfilmsinternational.com,Smart Films International (“SFI”) is an international developer and manufacturer of Smart Film and Glass Solutions for Privacy on demand and Solar Control. The company's products are based on a proprietary NCAP-PDLC technology and Smart Films supports Architecture and Automotive industries. The comp
Mapping & Navigation,Parkings,2016,Initial Revenues,,3,515537637,https://parkings.co.il,"ParKings Holdings is all about finding advanced transportation solutions in the modern life urban environment. ParKings allows control, enforcement and management of parking resources in the big cities. ParKings is the first managing system for the street's parking that integrates the old world and "
Cybersecurity,CipherSiP,2018,Initial Revenues,,3,515863157,https://ciphersip.com,"CipherSiP is the only company that increases the bandwidth over existing protocols and protects vehicles from cyber attacks without changing the original protocols and Standards (i.e. CAN, CAN-FD/XL, LIN, SCADA). The company's novel approach uses Watermarked Communications™ Technology to create an i"
Fleet & Logistics,Armory Defense,2023,Initial Revenues,,30,516797800,https://armorydefense.com,"Armory Defense offers organizations a sophisticated and proactive offensive approach that returns control to organizations and ensures continuous improvement in the organization's level of defense and cyber resilience. The company's solution is smart, automated, focused, does not involve an addition"
Components & Manufacturing,SolidRun,2011,Initial Revenues,,30,514505379,https://www.solid-run.com,"SolidRun is a global leading developer of embedded systems and network solutions, focused on a wide range of energy-efficient, powerful, and flexible products. The company's innovative compact embedded solutions are based on ARM and x86 architecture and offer a variety of platforms, including SOMs ("
Fleet & Logistics,ERM Advanced Telematics,1985,Initial Revenues,,30,511100471,http://www.ermtelematics.com,"ERM Advanced Telematics is an international technology company focused on automotive solutions, whose technologies and products are installed in more than 5 million vehicles worldwide. The company's solutions are based on a range of wireless technologies, including all available cellular generations"
Components & Manufacturing,Redler Technologies,1994,Initial Revenues,,30,512052077,https://www.redlertechnologies.com,"Redler specializes in the developing and marketing Electrical power and motion management solutions for the industrial, automotive, and defense industries. 
 Their advanced, innovative, embedded and patented DC motion control drivers and smart power circuit breakers will help keeping platforms in mo"
Components & Manufacturing,Gnrgy,2008,Initial Revenues,,30,514140995,https://www.gnrgy.com,"Gnrgy provides Electric Vehicle Infrastructure and Charging Network Management. Gnrgy develops and manufactures energy efficiency solutions for home users, enterprises and energy providers."
Components & Manufacturing,KappaSense,2012,Initial Revenues,,30,514759505,http://www.kappasense.com,"Kappasense is a designer & Manufacturer of Absolute Capacitive Linear encoders, seeking to make a significant contribution to its customers by offering a better solution for today’s applications. Owning Multiple active patents in the field of capacitive sensing, KP’s unique linear capacitive technol"
Components & Manufacturing,NOVO DR,2014,Initial Revenues,,33,515013241,https://www.novo-dr.com,"NOVO DR Ltd. is a leading developer & manufacturer of cutting edge portable, flat-panel, digital X-ray inspection systems for the Security, Non- Destructive Testing (NDT), science and art sectors. Combining decades of experience and intensive R&D while working with the world's most prominent compani"
Components & Manufacturing,Inex Zamir,2006,Initial Revenues,,34,511798589,https://inextechnologies.com,"Inex Technologies Designs, Develops and Manufactures Automatic License Plate Recognition (ALPR) Camera Solutions & Intelligent Software for Vehicle Identification. The Inex Technologies ALPR Camera Solutions accurately capture license plate data as well as customized information from passing vehicle"
Smart Cities & Mobility,Road Protect,2011,Initial Revenues,,34,515053726,http://www.roadprotect.co.il,Road Protect provides services of administrative management systems for businesses and individuals in the field of managing collection procedures for traffic violations. The service includes an online platform assisting drivers to understand how and when to contest a traffic tickets. This provides a
Cybersecurity,Aurislink,2003,Initial Revenues,,4,513654772,http://www.aurislink.com,"Aurislink is a technology company specializing in deep learning and signal processing. Focus on acoustic sound detection and localization. The company leverages advanced algorithms capable of responding to various blast sounds, positioning itself as a provider of security and safety solutions throug"
EV & Clean Energy,LiGenerate,2025,R&D,,4,517119632,https://www.ligenerate.com,"LiGenerate is pioneering in material repurposing, enabling the creation and own of a new category in urban mining (battery recycling) and mining in general. The company’s unique process enables efficient and cost-effective recycling of lithium batteries. LiGenerate's innovative approach significantl"
Components & Manufacturing,ScanMaster,1985,Revenue Growth,,40,512563792,https://scanmaster-irt.com,"ScanMaster Systems is a fully integrated company which develops, manufactures and markets ultrasonic products. These products include UT instrumentation, UT inspection & imaging systems and transducers. Solutions are available for a multitude of environments including laboratories and production fac"
Fleet & Logistics,Pass Drive,2022,R&D,,5,516618915,https://pass-drive.com,"Pass Drive has developed an AI-based system and protection solution that works through innovative biometric identification and integration with a unique application that enables a new level of vehicle protection of all types, protection of motorcycles and scooters and various means of transportation"
General Automotive Tech,NOVAlert,2020,R&D,,5,516342151,https://www.novalert.com,"NOVAlert IVS (Intelligent Vehicular Solutions) is building a safer future with LifeGuard™, a bio-monitoring platforms that surpass traditional camera-based systems and other competing solutions. LifeGuard™ utilizes contactless seat sensors (SENSeat™) and seatbelt tags (SMARTag™) to monitor drivers, "
Fleet & Logistics,OptiWays.io,2017,Initial Revenues,,5,515898971,https://www.optiways.io,OptiWays has developed an AI powered next generation route optimization solution based on a breakthrough algorithmic approach that involves multiple processing algorithms aiming to solve the challenge of optimizing first & middle-mile supply chain distribution processes
Fleet & Logistics,DriveTech,2025,Seed,,5,517185500,https://shieldpro.drivetech360.com,"DriveTech connects the world of HT to the world of automobiles. Its technology restores security and peace of mind to fleet owners, drivers and road users."
Smart Cities & Mobility,Greenspot,2014,Initial Revenues,,5,515746824,http://joingreenspot.com,"Greenspot works with municipalities and landlords to implement innovative and smart electric mobility solutions. Greenspot provides custom tailored services and solutions that suppose to revolutionize the way people commute – making it more economical, sustainable, efficient and reliable."
EV & Clean Energy,mobiXtron,2024,Seed,,5,,https://mobixtron.com,"mobiXtron develops fuel-agnostic (AnyFuel) power generation solutions, delivering efficient and reliable off-grid energy. The company's technology supports data centers, EV charging stations, military applications and more, ensuring energy independence without reliance on the traditional grid. By ha"
General Automotive Tech,Motoro,2023,R&D,,5,,https://www.motoro-security.com,"Motoro's innovative anti-theft product features advanced sensors and communication and provides a social application and standalone module for car security that sends an alarm to the relevant people. The company's solutions, comprising advanced sensors and communication technology, are designed to e"
Smart Cities & Mobility,ShareRoute,2015,R&D,,5,515265718,https://shareroute.com,"ShareRoute is developing an application/platform that brings flexibility, responsiveness, and a new level of efficiency to public and private transportation. Shareroute offers rides-on-demand, both by pre-order (hours, days, months, in advance) and in real-time. ShareRoute optimizes routing and vehi"
EV & Clean Energy,PNY,2020,R&D,,5,516501095,https://www.ridepny.com,"PNY develops Ponie, an electric scooter with several features. Its battery is located under the cargo storage box that helps maintain a low center of gravity; the scooter has a high driving range; strong engine power with an immediate torque of the electric motor that should help with sufficient acc"
General Automotive Tech,Skyer,2014,Initial Revenues,,5,515305944,https://www.skyermotors.com,"Skyer Motors Technologies brings years of R&D experience from leading high-tech companies. Leveraging diverse backgrounds, the team behind Skyer develops products with innovative structures and systems to deliver optimal solutions for the world’s needs. Services encompass the full product lifecycle,"
General Automotive Tech,AirLift One,2017,R&D,,5,,http://www.airlift-one.com,"AirLift One, at the intersection of aerodynamics, autonomy, and electric propulsion, is changing personal aviation, in order to move people and goods with vastly superior performance, and unlock unprecedented value for governments, businesses, and consumers. AirLift One enables users to travel 5 tim"
Smart Cities & Mobility,InCarEye,2019,R&D,,5,516701984,http://incareye.com,"InCarEye provides a comprehensive and innovative technological solution to distraction on the roads, while driving, thereby helping to reduce the volume of traffic accidents worldwide. The company's technology, which combines built-in AI artificial intelligence systems with a video analytics sensor,"
Components & Manufacturing,Beam Semiconductor,2015,R&D,,5,515239028,http://beamshaping.io,"Beam Semiconductor is a developer of millimeter-wave radio frequency silicon and antenna technology, designed for wireless infrastructure applications. The company's technology utilizes analog beam-steering radio-frequency electronics that allow the antenna to automatically shape and steer the beam "
Smart Cities & Mobility,Roboway,2011,R&D,,5,514668839,http://www.semantipedia.com,Semanipedia develops AI-based algorithms and systems for solving challenging problems. RoboWay is a recent Semantipedia's project solving acute problem of reducing highway traffic jams.
EV & Clean Energy,TurbWind,2020,R&D,,5,,,TurbWind provides a system with a mini-air turbine yielding high power compliance and performance for recycling airflow to charge the battery in vehicles under optimal conditions. The company's unique system embodies special turbine and air ducts that increase the vehicle’s resistance only when this
EV & Clean Energy,Grivo,2020,R&D,,5,516376266,https://grivo.co.il,Grivo’s mission is to help electric car owners to locate convenient charging stations via its foolproof app. Its takes the time to get to know the users' car personally and matches relevant charging stations to maximize its benefits and maintain its mint condition.
Mapping & Navigation,Mobilinx,2000,Initial Revenues,,5,514124973,https://mobilinx.wixsite.com/website,"Smart Car, of Xi’s group, provides Intelligent Transportation Systems (ITS) and Intelligent Vehicle Systems (IVS) for personal, business and security applications. Smart Car systems are a spin off of Xi's military technology and are field proven. It offers a family of field proven commercial product"
EV & Clean Energy,NRG Spring,2012,R&D,,5,,https://www.nrgspring.com,"NRG Spring has developed a proprietary technology that provides a storage system for a variety of applications, ranging from short-term grid stabilizers to long-term bulk energy storage to portable battery replacement. The company’s system can store any type of energy in hydraulic batteries (accumul"
ADAS & Safety,Electric Vehicle Evolution (Athena),2014,R&D,,5,,https://intelligent-vehicle-systems.com,"Electric Vehicle Evolution (EVE) is a US-based developer of next generation electric vehicles and automated driving technology. The Advanced Driver Assistance Systems (ADAS) installed in EVE vehicles will assist drivers in keeping their distance from cars in front of and behind them, provide drivers"
Components & Manufacturing,Optima Design Automation,2014,Initial Revenues,,5,515041325,http://www.optima-da.com,"Optima Design Automation represents the next generation in automotive safety verification. The company has pioneered a new fault analysis technology for accelerated semiconductor development that enables a 1,000X performance improvement over traditional fault simulation."
Fleet & Logistics,Autocar,2017,Initial Revenues,,5,514447655,http://mycar.autocar.co.il,"Autocar IoT is a business solution for analyzing data coming from sensors in vehicles in order to analyse, get insights, predict and react.
 
 Autocar is an award winning leading provider of Connected IoV based on-demand cloud platform for Smart transportation. AutoCar's solution empowers global pre"
Smart Cities & Mobility,Roads.AI,2017,R&D,,5,515593200,http://121gw.tech,Roads A.I is developing an autonomous traffic controller for preventing collisions and organizing traffic flow. Roads A.I's solution includes advanced passive receiver that maps traffic by detecting electromagnetic emissions; intelligent algorithm that analyzes & monitors the driving environment bas
Mapping & Navigation,SPS,2018,Initial Revenues,,5,515890556,https://sps-app.com,"SPS aims to serve as the navigation platform for commercial companies, health organizations and governments. The company's platform allows secure access to information and presentation to citizens through maps and various navigation tools of the means and/or ways of getting to the polling stations."
Cybersecurity,OttoSec,2020,Initial Revenues,,5,516163151,https://ottosec.com,OttoSec is offering a small and low cost stateful firewall device identifies and prevents damages that are the results of automotive cyber-attacks. The company's Automotive Cyber Security Service based on in-vehicle hardware device for Aftermarket and OEMs.
General Automotive Tech,The Krosor,2021,Seed,,5,,http://negevsol.com/?page_id=1471,"The Krosor is developing ABIR K16-900, an autonomous large fire fighting machine."
Fleet & Logistics,Echo ID,2022,R&D,,5,516788205,https://www.echo-id.com,"Echo ID develops a biotemtrics technology that will enhance safety and prevent unauthorized usage of devices, like e-cigarettes and vapes. It will also seamlessly authenticate drivers with echo-id biometrics and breathalyzer interlock devices, enchasing fleet management compliance."
Mapping & Navigation,Jupiter EV,2022,R&D,,5,,https://www.jupiter-ev.com,Jupiter-EV developed a proprietary and unique solution. The company's multiple EV charging station (MEV-CS) creates 8 to 16 fast DC charging stations in an area less than 50 sqm (equivalent to 3 parking spaces). Jupiter-EV's platform is based on a unique robotic parking tower with a proprietary inte
General Automotive Tech,Simplex Growth,2024,R&D,,5,517004602,https://simplex.so,"Simples AI offers a real-time, autonomous revenue growth and retention for agents and advisors to make more of their book-of-business."
General Automotive Tech,Elbit Systems - Rokar,1981,Initial Revenues,,50,510888647,https://www.elbitsystems.com/land,"Elbit Systems - Rokar produces a diverse and comprehensive range of systems and sensors for land forces, from complete modernization and training to maintenance depots and life-cycle support services. Building on advanced in-house capabilities and core technologies, Elbit Systems is a one-stop sourc"
Components & Manufacturing,Moving Life,2011,Initial Revenues,,50,514740422,https://movinglife.com,"Movinglife is an Israeli startup that develops, manufactures and markets a series of advanced folding scooters in Israel and around the world, to provide the finest solution for people with mobility issues, due to illness or old age.
 Nino Rensenberg, the founder of Movinglife who himself suffers fr"
Components & Manufacturing,Tabor Electronics,1971,Revenue Growth,,50,510573157,https://www.taborelec.com,"Tabor Electronics has become a world-leading provider of high-end signal sources, featuring: RF, pulse, function and arbitrary waveform generators/transceivers, high-voltage amplifiers, waveform and modulation creation software. Tabor has earned global recognition for its highly skilled workforce an"
Components & Manufacturing,Asine,1999,Initial Revenues,,52,512759333,http://www.asinegroup.com,"Asine is an innovative designer & manufacturer, providing embedded Flash Solid State Storage Units and board level."
2W/3W,ScootAir,2013,Initial Revenues,,6,515480929,https://www.scootair.co.il,"ScootAir, the only electric scooter manufacturer in Israel, began its journey by two entrepreneurs, Oded and Itzik, who connected through the world of motorcycle design and construction, and acquired knowledge in Israel and abroad. After years of riding electric scooters of all sizes and types, they"
Mapping & Navigation,Dride,2016,Initial Revenues,,6,515865905,https://dride.io,"Dride is a revolutionary new product built to enhance every aspect of your driving, protect you from dangerous mobile distractions, and build a community around driving smartly and safely. Dride is a dashcam, but does so much more. It comes with a real time safety alert system, navigation and voice-"
General Automotive Tech,Auto3P,2000,Initial Revenues,,60,513110742,https://auto3p.com,"Auto3P provides the automotive world with comprehensive information services, innovative data systems and software solutions. Auto3P's highly-reliable, modular and accurate solutions, make for sustained, long-term business efficiency, dramatically reduce operational costs and optimize business perfo"
Smart Cities & Mobility,AccuBeat,1993,Revenue Growth,,62,511884538,https://www.accubeat.com,"AccuBeat is a provider of highly Accurate Frequency and Timing solutions deployed in Defense, Critical Infrastructures, HLS, Aerospace, Telecommunications and Research. Based on Rubidium Atomic Clock technology with optional GNSS disciplining, NTP and PTP capabilities, AccuBeat’s products achieve th"
Fleet & Logistics,Jungo Connectivity,2013,Initial Revenues,,64,514663335,https://jungo.com,"Jungo is a leader in fleet safety technology, dedicated to reducing risks and enhancing road safety through AI innovation. Its flagship product, VuDrive, offers advanced driver monitoring with real-time alerts, in-cab dual camera, location and telematics information, and comprehensive risk analysis "
Fleet & Logistics,Cloud-Wise,2016,Initial Revenues,,7,515467249,https://www.cloud-wise.com,"Cloud-Wise Ltd, mission is to create a world with safer roads using sensors, mobile and IoT, machine learning, and behavioral science. Cloud-Wise has developed the I-Sticker, a complete behavioral analytics solution, to increase awareness and improve safety for the connected car world. I-Sticker pro"
Components & Manufacturing,Assembrix,2014,Initial Revenues,,7,515014512,https://assembrix.com,"Assembrix developed a cloud-based platform that virtualizes 3D industrial printing. Its Virtual Manufacturing Space platform (VMS) enables a simpler, more efficient and secured production process by overseeing the entire additive manufacturing thread, from initial part model to the verified physical"
General Automotive Tech,Step Hear,2008,Initial Revenues,,7,514158179,https://www.step-hear.com,"Step Hear's system allows people in a wheelchair to inform bus drivers in advance via the app of their location at the station, so that they can prepare for the opening of the ramp or people with a cognitive disability or post-traumatic stress disorder (PTSD) using the light rail can pre-define thei"
General Automotive Tech,VHOLA,2019,R&D,,7,516258894,https://www.v-hola.com,"VHOLA's technology is an in-vehicle solution enabling predictive maintenance of the vehicle's performance by detecting its magnetic and electromagnetic emissions throughout the vehicle's lifetime. It also takes active actions, taking into consideration local regulation aspects, cabin occupancy, pass"
General Automotive Tech,Cibeez,2016,R&D,,7,515948420,http://www.cibeez.com,CiBeez is in the field of mobility management for the autonomous vehicle and transport and delivery markets.
General Automotive Tech,Albus,2011,R&D,,7,514693894,https://www.albus-tech.com,"Albus Technologies develops and products of custom-tailored compact electric motors and generators in a wide power range, performing a high power density and efficiency."
Fleet & Logistics,GIV Solutions,2001,Initial Revenues,,70,513107243,https://www.giv-solutions.com,"GIV Solutions specializes in deploying end-to-end operational solutions in infrastructure-intensive industries with over 60 EAM consultants, operating in all sectors of the economy in Israel. The company offers a suite of products designed to optimize operations and maintenance for asset-intensive o"
Mapping & Navigation,Cello Ltd.,2008,Initial Revenues,,70,513513366,https://cello-app.com/global,"Cellopark offers a payment app for mobile parking in blue and white and parking lots all over the country. The app automatically adjusts the parking for the resident with a resident character, displays the parking history for control purposes and creates a personal profile with a photo for each vehi"
Components & Manufacturing,Plataine,1997,Initial Revenues,,75,512489667,https://www.plataine.com,"Plataine’s solution is a TaaS (Tracking as a Service) solution, providing an innovative solution for production optimization and automation solutions to bridge the gap between CAD, ERP and the production gloor, enabling manufacturers to be more competitive by increasing material utilization, improvi"
Mapping & Navigation,Tervizio,2020,R&D,,8,516426350,https://tervizio.com,"Tervizio is a developer of 3D imaging for the automotive industry, intending to improve safety. The company utilizes thermal energy to optimize 3D laser imaging detection and ranging technology at the pixel level to provide any range of resolution, thus enabling clients with obstacle detection and a"
Smart Cities & Mobility,Tupaia,2020,R&D,,8,516187481,https://www.tupaia-pos.com,"Tupaia specializes in high precision positioning solutions within the cloud computing industry. The company offers a cloud-based positioning service that integrates with GNSS receivers and provides accurate location data for various applications. Tupaia's services cater to sectors, such as telecommu"
General Automotive Tech,EllR,2015,R&D,,8,,https://www.ellr.bike,"EllR leverages an advanced IoT solution, global connectivity and social trends to speed up recovery of riders & bikes in emergency situations. EllR connects the community of riders in a smart and seamless way to support each other, efficiently and effectively in emergency situations such as accident"
Smart Cities & Mobility,Exelerate Smart Traffic,2006,Initial Revenues,,8,513890830,https://www.exelerate.com,"Exelerate Smart Traffic develops and deploys ""Falcon"", one of the world's most advanced urban traffic control systems. The system can control urban traffic in any city as it can connect to all of the traffic controllers and sensors found on the street. Falcon can provide a wide range of traffic-ligh"
EV & Clean Energy,Electricare,2021,R&D,,8,516316304,https://electricare-ev.com,"Electricare aspires to create a hassle-free experience through a mobile energy supply platform for electric vehicles, transforming vehicle charging from a nuisance to a service at the touch of a button, freeing up consumers to spend time doing what they enjoy, thus boosting the adoption of electric "
Mapping & Navigation,Pango Pay & Go,2007,Revenue Growth,,84,514020015,https://en.pango.co.il,Pango provides a comprehensive turnkey mobile payment parking solution to local government and parking lot owners with outstanding successful performance. The Pango App has become synonymous with driver and vehicle solutions. It is one of the most widespread applications in Israel in terms of the nu
