name,stage,employees,raised,year_founded,hq_city,tech_vertical,reg_number,website,notes,description
FUSE Autotech,Acquired,11-50,$10M,,,,,,,Finance Management Platform for Car Dealerships
Ovo Automotive,Seed,1-10,$3.5M,2019,Tel Aviv,"Automotive, Cloud, SaaS",515994838,https://ovo.auto,Presumed Inactive,presumed   Cloud-based App Delivery Platform for Connected Vehicles
Vulcan,Mature,1-10,Undisclosed,,,,,,,Automotive Industries Nanotechnology- enhanced Lead-acid Batteries
Arkal Automotive,Acquired,201-500,Undisclosed,,,,,,,Plastic Components for Cars
Axilion Smart,Public,11-50,$24M,2009,Tel Aviv,"Artificial Intelligence, Automotive, Climate Tech, IoT, SaaS, Smart City",520038548,https://axilion.com,,Mobility AI-based City-wide Traffic Management SaaS Offerings
i4drive,Seed,1-10,$2M,2014,Modiin-Maccabim-Reut,"Artificial Intelligence, Automotive, Insurtech, IoT, Machine Learning, Machine Vision, Smart City",515108264,https://i4drive.com,,
Iguazio,Acquired,51-200,$72M,,,,,,,Machine-learning Operations Platform
Auto Cool,Mature,11-50,Undisclosed,,,,,,,Automotive Air Conditioning Systems
Auto3P,Mature,51-200,Undisclosed,2000,Baar,"Automotive, Insurtech",513110742,https://auto3p.com,,Cloud-based Automotive Repair Management
Autoboom,Pre-Seed,1-10,$500K,,,,,,,Platform for Buying and Selling Vehicles Online CYMOTIVE Pre- 51-200 Undisclosed Technologies Funding
MIA Dynamics,Public,11-50,Undisclosed,2020,Tel Aviv,"Automotive, Defense Tech",516243284,http://www.miadynamics.com,,Quad-wheel Platform
Moovex,Acquired,11-50,$1.25M,,,,,,,Transportation Management and Optimization Platform
UVeye,D,201-500,$239.6M,2016,Teaneck,"Artificial Intelligence, Automotive, Deep Tech, Industry 4.0, Machine Learning, Machine Vision",514234202,https://www.uveye.com,,Under-vehicle Inspection System
AutoFleet,Acquired,51-200,$29.5M,,,,,,,Optimization Platform for Fleets Green Fleet Pre- 1-10 Undisclosed Cloud-based Mass Funding
Airwayz Drones,Seed,11-50,Undisclosed,2018,Tel Aviv,"Artificial Intelligence, Automotive, Cloud, Defense Tech, Drones, Smart City",516010386,https://www.airwayz.co,,The Sovereign Operating System for Modern Airspace Control
ArrowSpot,Mature,11-50,Undisclosed,,,,,,,Software for Monitoring Cargo throughout the Supply Chain
Atero AI,Acquired,11-50,$12M,,,,,,,
AtlasCT,Mature,1-10,Undisclosed,,,,,,,Mapping Technology
Autonomy AI,Pre-Seed,11-50,$4M,,,,,,,Autonomous AI Agents Into Development Teams
Bluewhite,C,51-200,$89.7M,,,,,,,Autonomous Platform for Off-road Operations
Cando Drones,Seed,11-50,$100K,,,,,,,Drone Technology System
CaPow,A,11-50,$23.5M,2018,Beer Sheva,"Automotive, Deep Tech, Industry 4.0, Robotics",515918035,https://capow.energy,,Technologies Continuous Power for Robots
Captain's Eye,Pre-Seed,11-50,$4M,,,,,,,"Advanced Maritime Safety, Security, and Management System"
Cervello,Seed,11-50,$19.5M,2018,Tel Aviv,"Artificial Intelligence, Automotive, Cyber Security, IoT",515814770,https://cervello.security,,Railway Cybersecurity Solution Ciconia Pre- 1-10 Undisclosed Solving airspace Funding deconfliction for mixed
CogniTeam,A,11-50,$9.8M,,,,,,,AI and Cloud-based Robot Programming and Automation System
Commcrete,A,11-50,$28.37M,,,,,,,Narrow-Band Satellite Connectivity Solutions
CorrActions,A,11-50,$10.95M,2019,Jerusalem,"Artificial Intelligence, Automotive, Deep Tech",515999761,https://corractions.com,,Noninvasive Driver- monitoring Platform
Crispify,Pre-Seed,1-10,$700K,,,,,,,Automotive In-cabin Air Quality and User Experience Management System CyWhale Pre- 1-10 Undisclosed
deliverz.ai,Seed,1-10,$3.6M,,,,,,,Orchestration Software For Healthcare Robotic Logistics
Demandoo,Seed,1-10,Undisclosed,,,,,,,Insurance Global On-demand Insurance Solutions
Driivz,Acquired,51-200,$23.1M,,,,,,,Electric Vehicle Charging and Energy Management Solution
DriveU.auto,Seed,11-50,$4M,2019,Raanana,"Artificial Intelligence, Automotive, Cloud, Robotics",516090842,https://driveu.auto,,"Autonomous Terminal Tractor Retrofit Kit Teleoperation for Robots, AVs & Defense application"
E-Drive,Mature,11-50,Undisclosed,,,,,,,Technology Fleet Monitoring and Fuel Management Systems E-square Pre- 1-10 Undisclosed
Electreon,Public,51-200,$64.82M,2013,Beit Yanai,"Automotive, Climate Tech, Construction Tech, Smart City",520038126,http://www.electreon.com,,In-road Wireless Charging for Electric Vehicles
Elssway,Pre-Seed,1-10,$1.65M,,,,,,,Wireless and Wired Charging Platform For Light Electric Vehicle Fleets
Enervibe,A,11-50,$4.1M,2016,Airport City,"Automotive, Climate Tech, Deep Tech, Industry 4.0, IoT",515859809,https://enervibe.co,,Energy Harvesting Solutions
Enigmatos,Mature,11-50,Undisclosed,2017,Yavne,"Artificial Intelligence, Automotive, Big Data, Cloud, Cyber Security, IoT, Machine Learning",515312825,https://www.enigmatos.com,,Automotive
Gasngo,Mature,11-50,$12M,2005,Tel Aviv,Automotive,515420180,https://gasngo.com,,Fuel and Fleet Control and Management Gett F 500+ $708M Ground Travel Platform for Businesses
Gloat,D,51-200,$186.4M,,,,,,,AI-based Career Development Platform
GreenRoad,Mature,51-200,$98.9M,2004,Austin,"Artificial Intelligence, Automotive, IoT",513524587,https://greenroad.com,,Technologies Fleet Management Solution
High Lander,A,51-200,$17M,,,,,,,Drone Fleet Management and Unmanned Traffic Management
Hoopo,A,51-200,$15.02M,2016,Kibbutz Glil-Yam,"Artificial Intelligence, Automotive, Deep Tech, Industry 4.0, IoT",515326452,https://www.hoopo.tech,,Asset Intelligence Platform
Loginno,Mature,1-10,$100K,,,,,,,Shipping Container Tracking System
Make My Day,A,11-50,$5.5M,2017,Tel Aviv,"Artificial Intelligence, Automotive, Big Data, Climate Tech, Machine Learning, SaaS",515651545,https://makemydayapp.com,,Real-Time Optimization Software for Electric Vehicle Fleet Operations
Micronet,Public,51-200,$4M,,,,,,,Fleet Integration and Workforce Management Solutions
Mida Computers,Mature,11-50,Undisclosed,,,,,,,Software Solutions for Enterprise Planning and Management
CloudEndure,Acquired,1-10,$18.2M,,,,,,,Cloud Migration and Disaster Recovery
IRP Systems,C,51-200,$57M,2015,Ness Ziona,"Automotive, Deep Tech",514092758,https://www.irpsystems.com,,Electric Powertrain Solutions
A2Z Advanced,Public,1-10,$55.91M,,,,,,,Solutions Retail Smart Cart Solutions
CEVA,Public,201-500,$48.1M,1999,Rockville,"Artificial Intelligence, Automotive, Gaming, Industry 4.0, IoT, Machine Learning, Machine Vision, Metaverse, Robotics",512872854,https://www.ceva-ip.com,,Signal-processing Platform and AI Processors GorillaLink Pre- 1-10 Undisclosed
Maris-Tech,Public,11-50,$19.8M,,,,,,,High-performance Video and Audio Applications
Nano Dimension,Public,201-500,$1.6B,,,,,,,3D Printing and AI Integration in Electronics Manufacturing
Payton Planar,Public,11-50,Undisclosed,,,,,,,Lightweight Power Transformers
Polyfos 3D,Pre-Seed,1-10,$1.58M,,,,,,Presumed Inactive,presumed   Automated Additive Manufacturing for Industrial 3D Printing
Polyn Technology,Seed,11-50,$4.75M,,,,,,,Neuromorphic Analog Signal Processing
Stratasys,Public,500+,$601M,,,,,,,Industrial 3D Printing and Additive Manufacturing
Tower,Public,500+,Undisclosed,1993,Migdal Haemek,"Automotive, IoT, SpaceTech",520041997,https://towersemi.com,,Semiconductor Chip and Semiconductor Manufacturer
Weebit Nano,Public,11-50,$138.69M,,,,,,,
3d Signals,C,11-50,$36.78M,,,,,,,Real-time Production Floor Performance Monitoring
5D-Sensing,Seed,1-10,Undisclosed,,,,,,Presumed Inactive,presumed   CMOS Sensors for Smart Cameras ACLIM Pre- 1-10 Undisclosed presumed Intelligence Funding
Adhestick,Mature,1-10,Undisclosed,2002,Kibbutz Shefayim,"Automotive, Big Data",513189423,http://www.sti-ltd.org,,Innovations Polymer Formulations
Aeromaoz,Mature,11-50,Undisclosed,,,,,,Presumed Inactive,Ruggedized HMI Devices and Light Solutions AInovIA Labs Pre- 1-10 Undisclosed presumed  Funding
Alex Original,Mature,11-50,Undisclosed,,,,,,,Automotive Air- conditioning Manufacturer
Alliance Tire,Acquired,500+,Undisclosed,,,,,,,Company Industrial Tire Manufacturer
Alteco AI,Seed,1-10,$1M,,,,,,Presumed Inactive,presumed   Energy Optimization Predictive Tools
Alva Technologies,Mature,11-50,Undisclosed,,,,,,Presumed Inactive,presumed   Electric Mobility Solutions
AMICELL - Amit,Mature,11-50,Undisclosed,,,,,,,Industries Custom Battery Packs and Charging Systems
Amppera,Mature,11-50,Undisclosed,,,,,,,Energy-efficient Electric Motors
Amza,Acquired,11-50,Undisclosed,,,,,,,Technologies Industrial Surface Finishing and Cleaning
ARTsys360,Mature,1-10,$3.95M,2013,Holon,"Automotive, Defense Tech, Drones",514907617,https://www.artsys360.com,,Micro-radar Sensors
Ashot Ashkelon,Public,51-200,Undisclosed,,,,,,,Transmission Gearboxes for Aerospace and Defense
Assembrix,Mature,11-50,Undisclosed,2014,Tel Aviv,"Automotive, Big Data, Industry 4.0, Robotics, SaaS",515014512,https://assembrix.com,,Cloud-based Platform That Virtualizes 3D Industrial Printing
Augwind,Public,11-50,$98.91M,,,,,,,Energy-Efficient Compressed Air and Storage Solutions for Industry
Balena Science,Seed,11-50,Undisclosed,,,,,,,Compostable Biodegradable Thermoplastic Materials
Barantech,Mature,11-50,Undisclosed,,,,,,,Piezoelectric Switch Technology BazzTec Pre- 1-10 Undisclosed Advanced Battery Funding Monitoring Systems for
Bio-Nexus,Mature,1-10,$3M,,,,,,Presumed Inactive,presumed   Mobile Management and Communication Tools
Blink,A,11-50,$24M,,,,,,,Technologies Advanced Eye Tracking Technologies for Enhanced User Experience
BriefCam,Acquired,51-200,$20.26M,,,,,,,Video Surveillance
Brillianetor,Mature,1-10,Undisclosed,,,,,,,Multi-robot Collaborative AI Tools
C-True,Mature,1-10,Undisclosed,,,,,,Presumed Inactive,presumed   Biometric Face Recognition
C2A Security,A,11-50,$26.7M,2016,Jerusalem,"Artificial Intelligence, Automotive, Cyber Security, Industry 4.0, IoT, Machine Learning",515460111,https://www.c2a-sec.com,,"C2A Security is the only AI-based, context- driven product security orchestration platform."
CASTOR,Seed,11-50,$5.87M,,,,,,Presumed Inactive,presumed   Automatically Identify Suitable Parts for Additive Manufacturing
CellGuide,Acquired,1-10,Undisclosed,,,,,,,Developer of SNAP Technology for GPS
Ception,Seed,1-10,$7M,,,,,,Presumed Inactive,AI-powered Safety System for Heavy Machinery CirculAir Pre- 1-10 Undisclosed presumed  Funding
Cognata,B,11-50,$27.8M,2016,Rehovot,"Artificial Intelligence, Automotive, Defense Tech, Machine Learning, Machine Vision",515486579,https://www.cognata.com,,Data Generation for AV and ADAS platforms
Continual,Public,11-50,$14M,,,,,,,Mobility Experience Analytics
Copprint,A,11-50,$10.22M,,,,,,,Non-oxidizing Nano- copper Conductive Inks for Printed Electronics
Cortica,D,11-50,$107.9M,2007,Tel Aviv,"Artificial Intelligence, Automotive, Deep Tech, DevOps, Drones, IoT, Machine Learning, Machine Vision, RetailTech, Smart City",513975250,http://www.cortica.com,,Autonomous AI Model Developer
Creative IC3D,Pre-Seed,1-10,$1M,,,,,,,Additive Manufacturing for the Printed Electronics and Energy Storage Industries A 1-10 Undisclosed
CU-BX,Seed,1-10,$1M,,,,,,Presumed Inactive,presumed   Health Analytics Platform for In-cabin Comfort & Safety
Cybellum,Acquired,11-50,$14.5M,,,,,,,Cyber Security for Automotive Component Manufacturers and
CyberX,Acquired,11-50,$47.02M,,,,,,,IIoT and ICS Cyber- security Platform
Cybord,A,11-50,$12.95M,,,,,,,AI-based Visual Inspection for Electronic Component Analytics and Traceability
Dan-Tech Energy,Mature,11-50,Undisclosed,2011,Berlin,"Automotive, Robotics",513336479,http://www.danenergy.com,,Rechargeable Battery Packs for Industrial Use
DATA Detection,Mature,11-50,Undisclosed,,,,,,,"Technologies Bulk Counting, Packaging, and Inventory Control Solutions"
Datagen,B,51-200,$68.5M,,,,,,Presumed Inactive,presumed   Synthetic Data to Train Deep-learning Systems
DAV Foundation,Seed,500+,Undisclosed,,,,,,Presumed Inactive,presumed   Blockchain-based Transportation Platform
Designer Energy,Seed,1-10,Undisclosed,,,,,,Presumed Inactive,presumed   Producing Biofuel from Sugars
Diolan,Mature,1-10,Undisclosed,,,,,,,Versatile interface Adapters for Product Development & Testing
Dip-Tech,Acquired,51-200,Undisclosed,,,,,,,Digital Ceramic In- glass Printing
Dor Group,Mature,11-50,Undisclosed,,,,,,,Chemical Manufacturing and Marketing
Driveway,Acquired,1-10,$11.63M,,,,,,,Software Driver-safety Scoring and Usage-based Insurance Solution
Duality,B,51-200,$50M,,,,,,,Technologies Privacy Solutions for Data Collaboration
Duma Optronics,Mature,11-50,Undisclosed,,,,,,Presumed Inactive,Laser Measurement Device Developer E-phorus Pre- 1-10 Undisclosed presumed  Funding  Electric Vehicle
EasySend,B,51-200,$66.5M,,,,,,,Platform for Creating and Optimizing Digital Customer Journeys
EcoTech,Mature,1-10,Undisclosed,,,,,,,Recycling Rubber Recycling
EExion,Seed,11-50,$2.4M,1968,Savyon-Ganey Yehuda,"Automotive, Defense Tech",510496532,https://mobilinx.wixsite.com/website,,"Carbon Battery Ends Rare-metal Reliance with a Local, Scalable,"
EGM,B,201-500,$17M,,,,,,,Electrical Grid Monitoring and Managing Tool
Elbit Vision,Acquired,11-50,Undisclosed,,,,,,,"Systems Automatic Optical Inspection for Fabrics, Auto Parts, and PCBs"
Eldrotec,Mature,1-10,Undisclosed,,,,,,,Precise Cooling Systems for Military and Industrial Applications Electricare Pre- 1-10 Undisclosed presumed
Electriq,Seed,11-50,$24.88M,,,,,,Presumed Inactive,presumed   Hydrogen Solid Carriers
Elspec,Public,51-200,Undisclosed,,,,,,,Engineering Power Quality Analysis and Factor Correction
Eltam Ein-,Mature,11-50,Undisclosed,1967,Kibbutz Ein Hashofet,"Automotive, IoT, Smart City",550001374,https://www.eltam-eh.co.il/en,,Hashofet Advanced Lighting System Design and Manufacturing
Eltek,Public,51-200,$10M,,,,,,,Printed Circuit Board Design and Manufacturer
emza Visual,Acquired,11-50,Undisclosed,,,,,,,Sense Sub-milliwatt Visual Sensors for IoT
Engie,Mature,51-200,$7.3M,,,,,,Presumed Inactive,presumed   Car Condition Tracking Solution
Engineuity,A,1-10,$2.3M,,,,,,Presumed Inactive,presumed   Alternative Fuels Based on Natural Gas
Enroute,Pre-Seed,1-10,$825K,,,,,,,eCommerce Layer for Mobility Services
EntroSys,Mature,1-10,Undisclosed,,,,,,,Air Conditioning for Motorcycles
Epsilor-Electric,Mature,11-50,Undisclosed,1985,Beit Shemesh,"Automotive, Defense Tech, SpaceTech",511067480,https://www.epsilor.com,,Fuel Defense & Military Batteries and Chargers
EtherWaves,Mature,1-10,$2M,,,,,,,Digital Radio Technology for the Automotive Industry
ETV Energy,Mature,1-10,$12M,2008,Ramat Gan,"Automotive, Climate Tech",514120898,http://www.etvenergy.com,Presumed Inactive,Lithium-ion Batteries for Electric Vehicles EV Kinetics Pre- 1-10 Undisclosed presumed Technologies Funding
EVCO Pro,Seed,1-10,Undisclosed,2018,Netanya,Automotive,515844132,http://evco.pro,,High-performance Shock Absorbers EVolution Pre- 11-50 Undisclosed Dynamic Battery Power Funding Management Solution
EVR Motors,Seed,11-50,$401.39K,2008,Petach Tikva,Automotive,514782135,https://evr-motors.com,,ןוכמ ירבח Electric Motor Topology
EXO Technologies,Acquired,1-10,Undisclosed,,,,,,,Predictive Software for Improving GPS Accuracy
ExorGate,Mature,1-10,Undisclosed,,,,,,Presumed Inactive,presumed   Digital Medical Flow Meters
Feelit,A,11-50,$18.73M,,,,,,,Technologies Nanomaterial-based Sensing Solutions for IoT Applications
Fieldbit,Acquired,1-10,$2.9M,,,,,,,Collaboration Platform for Field Services
Fleetonomy,Acquired,1-10,$3M,,,,,,,
FlexiFuel,Seed,1-10,$15K,1968,Savyon-Ganey Yehuda,"Automotive, Defense Tech",510496532,https://mobilinx.wixsite.com/website,Presumed Inactive,presumed   Flexible-fuel Engines
Flywheel Energy,Seed,1-10,$700K,,,,,,Presumed Inactive,presumed   Flash Charger for Electrical Vehicles
Foamotive,Mature,51-200,Undisclosed,,,,,,,PE Foam Products for Automobiles
Frenel Imaging,Seed,1-10,$1M,,,,,,,Polarimetric Thermal Imaging Solutions for Enhanced Target Detection and Environmental Sensing
Frisimos,Mature,11-50,Undisclosed,,,,,,,Technologies Automated Solutions for Electrical Cable Assembly
frontline.io,A,11-50,$12.8M,,,,,,,3D AR Remote Training & Support
Fullpath,C,201-500,$57M,2012,Miami,"AdTech, Artificial Intelligence, Automotive, Machine Learning, Marketing Tech, RetailTech, SaaS",514762673,https://www.fullpath.com,,Automotive Customer Data and Experience Platform
Fusepoint,Mature,1-10,$1M,,,,,,Presumed Inactive,presumed   Connected Car Loyalty System
FVMat,Pre-Seed,1-10,$850K,,,,,,,Meta-Materials for Advanced Industry Applications
Galileo Satellite,Mature,1-10,$3.46M,,,,,,,Navigation Solutions for the Civil GNSS/GPS Market
GOARC,B,11-50,$19.9M,,,,,,,Digital Safety Solutions for Industrial Environments
Good2Go,Mature,1-10,Undisclosed,,,,,,Presumed Inactive,presumed   Driver Safety and Security
Grafenika,Seed,1-10,$2.5M,,,,,,,
Green ELMF,Mature,1-10,$354K,,,,,,,Cables Extra-low Electromagnetic Field Cables
Green2Pass,Seed,1-10,$570K,2016,Ashdod,Automotive,515331593,,,Real-time Passing Safety Solution for Drivers
Guardian Optical,Acquired,1-10,$11.1M,,,,,,,Technologies Sensor Technology for Cabin Occupancy
GuardKnox,A,11-50,$24M,2016,Ramla,"Automotive, Cyber Security, IoT",515391837,https://www.guardknox.com,,Automotive E/E Solutions for Software- Defined Vehicles
Hailo,C,201-500,$346.41M,2015,Tel Aviv,"Artificial Intelligence, Augmented Reality, Automotive, Cloud, Deep Tech, Drones, Generative AI, Industry 4.0, IoT, Machine Learning, RetailTech, Smart City, Wearables",515604445,https://hailo.ai,,AI Processor for Edge Devices
Halo Digital,Mature,500+,$10M,,,,,,Presumed Inactive,presumed   Digital Replica for Smart Manufacturing
Hanita Coatings,Acquired,51-200,Undisclosed,,,,,,,Window Films for Insulation and Energy Efficiency
HTS,Acquired,201-500,$3M,,,,,,,Identification and Tracking of Vehicles and Cargo
Imagry,A,51-200,$55.9M,2013,Haifa,"Artificial Intelligence, Automotive, IoT, Machine Learning, Machine Vision",515173938,https://imagry.co,,ןוכמ ירבח Mapless Autonomous Driving In Car Eye Pre- 1-10 Undisclosed In-cabin Human Funding Behavior Prediction
Incentives,Mature,11-50,Undisclosed,2005,Altdorf,"Automotive, Climate Tech",,https://www.cenh2.com,,Solutions Incentive Management Platform for Enterprises
Inomize,Mature,11-50,Undisclosed,,,,,,,ASIC/SoC Design and Manufacturing
Inpris HumAIns,Seed,1-10,$2.6M,2011,Jerusalem,"Artificial Intelligence, Automotive, Generative AI, IoT, Machine Learning, Machine Vision",514658277,https://www.humains.com,,Proactive Employee Management System for Enterprises
Inspekto,Acquired,11-50,$17M,,,,,,,Automated Visual Inspection System
Intelichain Labs,Seed,11-50,Undisclosed,,,,,,,AI-Driven Demand Planning Platform Intelligent Smart Pre- 1-10 Undisclosed Ideas Funding
Inuitive,Mature,51-200,$176M,,,,,,,3D Imaging Camera Technology
iOnRoad,Acquired,1-10,$150K,,,,,,,Smartphone-based Driving Assistant for Road Safety
IonTerra,Mature,1-10,$3.96M,,,,,,,Visual Analysis for Autonomous Driving
iPhysicist,Mature,1-10,Undisclosed,2009,Netanya,"Augmented Reality, Automotive, Machine Vision, Virtual Reality",514229954,http://www.iphysicist.com,,Optical Systems Design and Production House
ISCAR,Acquired,500+,Undisclosed,,,,,,,Metalworking Tool Manufacturer
IsraZion,Mature,1-10,Undisclosed,1986,Jerusalem,Automotive,560009516,https://isrtransit.com,,Transforming Waste into Valuable Materials IVObility Pre- 1-10 $56K Robotic Driving Funding Platform
Karamba Security,B,11-50,$27M,2016,Hod Hasharon,"Automotive, Cyber Security, Industry 4.0, IoT",515390979,https://karambasecurity.com,,Embedded Security for Connected Systems
Keylabs AI,Seed,1-10,$1.2M,,,,,,,
KiloLambda,Mature,1-10,Undisclosed,,,,,,,Technologies Sunlight and Laser Protection Solutions
King Engine,Mature,51-200,Undisclosed,,,,,,,Bearings Engine Bearing Developer and Manufacturer
KITOV.ai,Mature,11-50,$10M,,,,,,Presumed Inactive,Automated Visual Inspection Solutions kmoEye Pre- 1-10 Undisclosed  Funding
Largix,A,1-10,$8.3M,,,,,,,Additive Production System
Lehavot,Mature,11-50,Undisclosed,,,,,,,Automatic Fire Detection and Suppression Systems
Lidwave,Seed,11-50,$10M,2019,Jerusalem,"Automotive, Deep Tech, Robotics",516180213,https://www.lidwave.com,,3D-sensing Architecture
LIMIT Lock,Mature,1-10,Undisclosed,,,,,,,"Removable, Reusable Locking Fasteners"
Lingacom,A,1-10,$7.23M,,,,,,,Muon-based Detection Technology
Lirhot Systems,Seed,1-10,$2M,,,,,,Presumed Inactive,Visual Perception Sensors for Robots Luchs Security Pre- 1-10 Undisclosed  Funding
Magnus Metal,B,51-200,$74M,,,,,,,Digital Casting Process for Industrial Volume Production of Metal Alloys
Makalu Optics,Seed,11-50,Undisclosed,2019,Rehovot,"Automotive, Drones, Robotics",516082096,https://www.makaluoptics.com,,LiDAR Vision for Autonomous Vehicles Manna Laminates Pre- 1-10 Undisclosed Thermoplastic Funding Composite Materials
Maradin,Mature,1-10,$4M,2007,Yoqneam,"Augmented Reality, Automotive, Virtual Reality",513962316,https://www.maradin.co.il,,Laser Scanning Solutions Based on MEMS Technology Marlindeed Pre- 1-10 Undisclosed
MASSIVit 3D,Public,51-200,$78.6M,,,,,,,Printing Technologies High-volume 3D Printing Solutions
Matics,A,11-50,$20.75M,1985,Rishon Le-Zion,"Automotive, IoT",511100471,http://www.ermtelematics.com,,Real-time Manufacturing Analytics
Micro Point Pro,Mature,11-50,Undisclosed,,,,,,,High-precision Micro- electronics Tools and Probe Heads
mifold,Mature,1-10,$3.3M,,,,,,,Compact Car Seat
Mobius,Mature,11-50,$5.8M,2013,Nazareth,"Artificial Intelligence, Automotive, IoT, Smart City",514969104,https://www.mobilityinsight.net,,Protection Systems Energy Absorbing Seat Systems
Mofet Etzion,Mature,11-50,Undisclosed,,,,,,,Yehuda
Moodify,A,11-50,$19.3M,2015,Kfar Saba,"Artificial Intelligence, Automotive, Machine Learning",515662732,https://www.moodify.ai,,Software-defined Scents
Morel,Mature,1-10,Undisclosed,,,,,,,Audio Drivers and Speakers
MotoRad,Acquired,201-500,Undisclosed,,,,,,,Engine & Thermal for the Automotive Industry
MOTX,Seed,1-10,$1.65M,,,,,,,Motors & Motion Systems MTL-3D Pre- 1-10 Undisclosed Optical 3D Inspection Funding
MultiVu,Seed,1-10,$7M,,,,,,,Advanced 3D Imaging Solution Mycelium Pre- 11-50 Undisclosed Route Management Funding
NanoLock,C,11-50,$50.2M,,,,,,,"Security Device-level, Zero-trust OT Cybersecurity Solutions"
Nemo,A,11-50,$7M,,,,,,,Nanomaterials Conductive Nanocarbon Masterbatches for Plastics
Neo Composite,Mature,1-10,Undisclosed,,,,,,,Fiber-reinforced Composite Products
Neomatix,Mature,1-10,$3M,,,,,,,Optical Tire Pressure Monitoring
NewCO2Fuels,A,1-10,$11.03M,,,,,,,CO2-based Fuel Production A 11-50 $14.1M
Next Plus,Mature,11-50,Undisclosed,,,,,,,Industrial Production and Maintenance Platform
NexTec Laser,Acquired,11-50,Undisclosed,,,,,,,Laser 3D Scanning and Inspection Technology
Noam Urim,Acquired,11-50,Undisclosed,1976,Kibbutz Urim,Automotive,511901621,https://noam-urim.com,,Manufacturer of Absorbent Nonwoven Fabrics NOVAlert IVS Pre- 1-10 $900K
NoviSign,Mature,11-50,$200K,,,,,,,Digital Signage Software
NRG International,Mature,1-10,Undisclosed,1980,Moshav Aminadav,Automotive,511327876,http://www.nrg1.co.il/multilang/en,,Motor Oils and Grease Products
NRG Spring,Seed,1-10,$400K,2012,Kfar Vradim,Automotive,,https://www.nrgspring.com,,Energy Storage System
Nur Ink,Public,11-50,$12M,,,,,,,Innovations Water-Based Pigment Inks for Digital Printing NXTdrive Pre- 1-10 Undisclosed
Oosto,Acquired,51-200,$352M,,,,,,,Visual Intelligence Solutions OPCAR-EV Pre- 1-10 Undisclosed Electric Vehicle Funding
Openeyes,A,11-50,$23M,,,,,,,Commercial Automotive Insurance for Fleets
OpenLegacy,Mature,51-200,$61M,,,,,,Presumed Inactive,All-in-one Modernization Platform for Legacy Systems OpRoads AI Pre- 1-10 Undisclosed  Funding
OpsysTech,C,51-200,$82.5M,2016,Holon,Automotive,515386001,https://www.opsys-tech.com,,Solid-state LiDAR
Optima Design,Seed,1-10,$2.7M,2014,Nazareth,Automotive,515041325,http://www.optima-da.com,,ןוכמ ירבח Automation Fault Simulation for Semiconductors
OptimalPlus,Acquired,201-500,$80.5M,,,,,,,"Analytics Solutions for the Automotive, Semiconductor, and Electronics Industries"
OptiTex,Acquired,51-200,Undisclosed,,,,,,,3D Design Software for the Textile Industry
Ornit Blind Rivets,Mature,11-50,Undisclosed,,,,,,,Industrial Rivet and Fastener Manufacturer
Oryx Vision,B,11-50,$67M,,,,,,,Automotive LiDAR
OSG - Oran,Mature,51-200,Undisclosed,1979,Kibbutz Zova,"Automotive, Defense Tech",550004071,https://osg-group.com,,Safety Glass Bullet-resistant and Specialty Glass
OSR Enterprises,Mature,51-200,Undisclosed,2011,Zug,"Artificial Intelligence, Automotive, Cyber Security, IoT, Machine Learning",515049062,http://www.osrenterprises.com,,Scalable AI Brain for Connected Vehicles
otonomo,Acquired,201-500,$341.1M,,,,,,,Smart Mobility Data Platform
OTORIO,Acquired,11-50,$50M,,,,,,,OT Cyber Security Solutions
OttoFence,Seed,1-10,Undisclosed,,,,,,,Automotive Cyber Security
Ottopia,A,11-50,$26.5M,2018,Tel Aviv,"Artificial Intelligence, Automotive, Defense Tech, Machine Learning, Robotics, Smart City",515900702,https://ottopia.tech,,Teleoperation Software for Connected Vehicles OttoSec Pre- 1-10 Undisclosed In-vehicle Hardware Funding Firewall for Automotive
Palziv,Mature,51-200,Undisclosed,,,,,,,Polyethylene and Synthetic Rubber Foams
Paxis,Mature,11-50,Undisclosed,1968,Savyon-Ganey Yehuda,"Automotive, Defense Tech",510496532,https://mobilinx.wixsite.com/website,,Advanced Ceramic Materials and Solutions
PCT - Protective,Mature,1-10,Undisclosed,,,,,,,Coating Technology Corrosion-resistant Ceramic Layer for
Phantom Auto,B,51-200,$55.5M,,,,,,,Remote Vehicle Operations Platform
PHASE3,Mature,11-50,Undisclosed,,,,,,,Technologies Real-time Monitoring and Maintenance Alerts for Industrial
Phinergy,Public,11-50,$144M,2010,Kfar Saba,"Automotive, Climate Tech, Cloud, Deep Tech",514354786,https://phinergy.com,,MetalAir Energy Generation and Storage Systems PhotoLiqSys Pre- 1-10 Undisclosed
Pickoto,Seed,1-10,$500K,,,,,,,Online Marketplace for Automobile Sales
Planit Scheduling,Mature,1-10,$300K,,,,,,,Solutions
Plasan,Mature,201-500,Undisclosed,1985,Kibbutz Sasa,"Automotive, Defense Tech, Robotics",513768341,http://www.plasan.com,,Advanced Armor for Ground Vehicles and Aircraft
Plataine,Mature,51-200,Undisclosed,1997,,"Artificial Intelligence, Automotive, Industry 4.0, IoT",512489667,https://www.plataine.com,,AI-based Optimization Solutions for Advanced Manufacturing
PlaxidityX,Acquired,51-200,$30M,1968,Savyon-Ganey Yehuda,"Automotive, Defense Tech",510496532,https://mobilinx.wixsite.com/website,,Automotive Cyber Security
PML,Mature,1-10,Undisclosed,,,,,,,Nanoparticle Measurement and Analysis Tools
PointAR,Seed,1-10,$800K,,,,,,,Remote Assistance Solutions
Pointer,Acquired,51-200,Undisclosed,,,,,,,Telocation Systems Transportation and Public Safety Industry
POLEG Plastic,Mature,51-200,Undisclosed,2002,Kibbutz Shefayim,"Automotive, Big Data",513189423,http://www.sti-ltd.org,,"Industries Polyethylene Protective Films for Automotive, Agriculture, and Industry"
Polycart,Mature,11-50,Undisclosed,,,,,,,Technologies Thermoplastic Products
Polymertal,Mature,11-50,$2.26M,2013,Haifa,"Automotive, Deep Tech, Industry 4.0, SpaceTech",514948751,https://polymertal.com,,Sustainable Alternatives to Metals and Composites
Polyram,Public,51-200,$123M,,,,,,,Customized Thermoplastic Compound Manufacturer
Polyrit,Mature,11-50,Undisclosed,,,,,,Presumed Inactive,Polyurethane Parts Maker PortLabs Pre- 1-10 Undisclosed  Funding Autonomous Air Traffic
Powermat,B,11-50,$110M,2006,Neve Ilan,"Automotive, IoT, Smart City",513814442,https://powermat.com,,Technologies Wireless Charging Solutions
PrintCB,A,1-10,$2M,,,,,,,Conductive Copper Printing for Electronics Manufacturing
proteanTecs,D,201-500,$241M,,,,,,,Performance Monitoring and Fault Prediction for Advanced Electronics ProtectivX Pre- 1-10 Undisclosed
PV Nano Cell,Public,11-50,$9.69M,,,,,,,Single-crystal Conductive Nano Inks
PxE,Seed,1-10,$6.5M,,,,,,,Computational Imaging Advanced 3D Imaging Technology
Pzartech,Mature,1-10,$212.17K,2014,Tel Aviv,"Artificial Intelligence, Automotive, DevOps, Industry 4.0, IoT",515223931,https://www.pzartech.com,,Digital Solutions for Industrial Maintenance
QualiSense,Seed,11-50,$8.5M,,,,,,,Autonomous Inspection System for the Manufacturing Industry
QualityLine,Mature,11-50,$1.2M,,,,,,,Manufacturing Data Analytics
Questar,Mature,51-200,Undisclosed,2003,Herzliya,"Artificial Intelligence, Automotive, Big Data, Insurtech, Machine Learning",513367797,https://questarauto.com,,"Data-driven Fleet Management, Vehicle Diagnostics, and Connectivity Solutions"
RadSee,Seed,1-10,$3M,2017,Netanya,Automotive,515663409,https://radsee.com,,4D Imaging Radar System
Raval ACS,Public,500+,$5M,2003,Kibbutz Ein Harod Ihud,"Automotive, Defense Tech, SpaceTech",570053926,https://aero-magnesium.com,,Automobile Valves and Emission Control Products
Red Bend,Acquired,51-200,$20M,,,,,,,Mobile Software Management Solutions
Redler,Mature,11-50,$2.43M,1994,Kfar Saba,"Automotive, Defense Tech, Robotics",512052077,https://www.redlertechnologies.com,,Technologies Motion Control and Navigation Equipment
REE Automotive,Public,201-500,$405M,2011,Kibbutz Glil-Yam,"Automotive, Climate Tech",514557339,https://ree.auto,,Flat and Modular Chassis for Electric Vehicles Revoltz Pre- 1-10 Undisclosed
RFISee,Seed,1-10,$2.75M,,,,,,,4D Imaging Radar
RFOptic,Mature,11-50,Undisclosed,,,,,,,Radio-frequency-over- fiber and Optical-delay- line Solutions Rise Nano Optics Pre- 1-10 Undisclosed Nanotechnology Funding
Saccade Vision,Seed,1-10,$1M,,,,,,,Autonomous Machine Vision for Dimensional Inspection and Robotic Guidance
Safe Distance,Mature,1-10,Undisclosed,,,,,,,Enhanced Automobile Safety
SafeCue,Seed,1-10,$500K,,,,,,,Lifesaving Predictive Solutions for the Automotive
SafeMode,Seed,11-50,$325K,2016,Tel Aviv,"Artificial Intelligence, Automotive, Big Data, Insurtech, RetailTech",515575066,https://www.safemode.co,,Mobility Incentive Platform for the Transportation Industry
Safer Place,Mature,11-50,$1M,2011,Tel Aviv,"Automotive, Smart City",514589472,https://saferplace.com,,Road Safety and Parking Enforcement Solutions
SafeRide,Acquired,1-10,$2.5M,,,,,,,Technologies AI-driven Vehicle Insights SafetyEye Pre- 1-10 Undisclosed
Salvation Battery,Pre-Seed,1-10,$250K,,,,,,,Battery Technology enhancement by Carbon Nanotubes
SaverOne,Public,11-50,$29.89M,2014,Petach Tikva,"Artificial Intelligence, Automotive, Big Data, Insurtech, Machine Learning",515154607,https://www.saver.one,,Driver Distraction Prevention Technology for Enhanced Road Safety
ScanMaster,Acquired,51-200,Undisclosed,1985,Kfar Saba,"Automotive, Industry 4.0, IoT, Machine Vision, Robotics, SpaceTech",512563792,https://scanmaster-irt.com,,Systems Systems and Instruments for Nondestructive
Securepush,Mature,1-10,$2.9M,,,,,,,IoT Security Solutions
Seevix Material,Mature,11-50,Undisclosed,,,,,,,Sciences Biopolymer Material Inspired by Spider Silk
Senso-Optics,Mature,11-50,Undisclosed,,,,,,,Electro-optical and Thermal-imaging Products and Systems Shamir Precision Pre- 11-50 Undisclosed Optics Funding
SheeldS,Acquired,1-10,Undisclosed,,,,,,,Cyber-security Technologies for Automotive Environments
ShieldIOT,A,11-50,$11M,,,,,,,IoT Security
Silib,Seed,1-10,$3M,2019,Yavne,Automotive,516233673,https://www.si-lib.com,,Silicon Anodes for High-capacity Lithium- ion Batteries
Sital Technology,Mature,11-50,Undisclosed,1993,Kfar Saba,"Automotive, SpaceTech",512441148,http://www.sitaltech.com,,Communication Bus Applications
SKM Aeronautics,Mature,11-50,Undisclosed,,,,,,Presumed Inactive,Precision Rubber Sealing Solutions and Molded Parts Smartive Pre- 1-10 Undisclosed  Funding
SolCold,B,11-50,$14.37M,,,,,,,Solar Cooling Technology
SolidT,Pre-Seed,1-10,$1.65M,2023,Petach Tikva,"Automotive, Deep Tech",516779261,https://www.solidt-tech.com,,Solid State-based Decentralized Temperature Control
SOLRA-PV,Seed,1-10,$1M,,,,,,,Perovskite-based Solar Cells for Indoor Use in IoT Devices
SP Nano,B,1-10,$9.85M,2007,Yavne,"Automotive, SpaceTech",514036342,http://www.spnano.com,,Nanotechnology- enhanced Composite Materials
Sparkion,Acquired,11-50,Undisclosed,,,,,,,Energy Storage Solutions for Charging Electric Vehicles
Spectralics,Pre-Seed,1-10,$2.85M,,,,,,,Optical Chip Technology
Spetrotec,Mature,11-50,Undisclosed,1989,Hod Hasharon,"Automotive, IoT",511431918,https://www.spetrotec.com,,"Telematics for Vehicle Tracking, Safety &"
StoreDot,D,51-200,$200M,2012,Herzliya,"Automotive, Climate Tech, Deep Tech",514820117,https://www.store-dot.com,,Extreme Fast-charging Electric Vehicle Batteries
Sunbit,D,201-500,$161.92M,2016,Los Angeles,"Artificial Intelligence, Automotive, FinTech, Machine Learning, RetailTech, SaaS",515446821,http://sunbit.com,,Flexible Payment Solutions for Retailers
SUNSET,Mature,1-10,Undisclosed,,,,,,,Sunshield for Drivers
Supergum,Mature,11-50,Undisclosed,,,,,,,"Industries Rubber, Plastic, and CBRN Solutions Surfsight AI Pre- 1-10 Undisclosed Video Telematics for Funding"
Tabor Electronics,Mature,51-200,Undisclosed,1971,Tel Hanan,"Automotive, Defense Tech, Quantum Technology, SpaceTech",510573157,https://www.taborelec.com,,Testing and Measurement Tools Manufacturer
Tactile Mobility,C,11-50,$36M,2011,Haifa,"Artificial Intelligence, Automotive, Big Data, IoT, Machine Learning, Smart City",514681972,https://tactilemobility.com,,Tactile Sensing and Data Solutions for Autonomous Vehicles
Tadiran Batteries,Acquired,51-200,Undisclosed,,,,,,,Lithium Battery Manufacturer
Tag A Time,Mature,1-10,Undisclosed,,,,,,,Calendar Management and Appointment Scheduling
TakeOver,Pre-Seed,1-10,Undisclosed,,,,,,,Vehicle Security and Remote Communication Systems
Tasq,Seed,11-50,$4M,,,,,,,Technologies Labeling Solution for Visual Data
Tech360,Mature,1-10,Undisclosed,,,,,,,Tailormade Tracking Solutions
Telcon,Mature,11-50,Undisclosed,,,,,,,Manufacturer of Diamond-tipped Drills and Countersinks
Telematics,Acquired,51-200,Undisclosed,1985,Rishon Le-Zion,"Automotive, IoT",511100471,http://www.ermtelematics.com,,Wireless Wireless Communication Equipment for
Tervizio,Seed,1-10,Undisclosed,2020,Givatayim,"Artificial Intelligence, Automotive",516426350,https://tervizio.com,,3D Imaging Optimization for the Automotive Industry
TGL S.P.,Mature,11-50,Undisclosed,,,,,,,Industries Rubber to Metal Bonding Products for Defense & Commercial Industries
Therma Sphera,Seed,1-10,$55K,,,,,,,Thermal Battery Systems
ThermoSiv,Mature,1-10,$1.3M,,,,,,Presumed Inactive,Carbon-based Conductive Heating Fabric TheWhollySee Pre- 1-10 $100K  Funding
ThirdEye Systems,Public,11-50,$10M,,,,,,,Thermal Spectrum Security Systems
Todos,Mature,1-10,Undisclosed,,,,,,,Technologies Sensing Technology for the Food Industry
Tomorrow.io,E,201-500,$281M,2016,Boston,"Automotive, Big Data, Climate Tech, Defense Tech, Generative AI, Insurtech, IoT, SaaS, SpaceTech",515903235,https://www.tomorrow.io,,AI-powered Weather Intelligence Platform
Top Car Armoring,Mature,1-10,Undisclosed,,,,,,,Armored Vehicle Manufacturing
Tosaf Compounds,Mature,201-500,Undisclosed,,,,,,,Additive and Color Solutions for the Plastic Industry
TourEngine,Mature,11-50,$9.49M,2006,Rehovot,"Automotive, Climate Tech",514341858,https://www.tourengine.com,,High-efficiency Combustion Engine Technology
TowerSec,Acquired,11-50,$2.5M,,,,,,,Automotive Cybersecurity Solutions
TriEye,A,51-200,$96M,2017,Tel Aviv,"Automotive, Deep Tech, Industry 4.0, Machine Vision, Robotics",515721744,https://trieye.tech,,Short-Wave Infrared Sensing Solutions Enabling Imaging & Ranging Under All Visibility Conditions
Tritone,Seed,11-50,$5M,,,,,,,Industrial Additive Manufacturing
Tupaia,Seed,1-10,Undisclosed,2020,Tel Aviv,"Artificial Intelligence, Automotive, Cloud, Construction Tech, Deep Tech, Drones, IoT, Smart City, SpaceTech",516187481,https://www.tupaia-pos.com,,GPS/GNSS Pprecise Positioning for the Mass Market TurboGEN Pre- 1-10 $25K Technology Funding
UBQ Materials,D,51-200,$268.2M,,,,,,,Plastic Substitute Made from Non-recyclable Materials
Unispectral,A,11-50,$14.3M,,,,,,,Hyperspectral Imaging Platform
Uppler,Mature,11-50,Undisclosed,,,,,,,B2B Marketplace Solution
Upstream,C,51-200,$105M,2017,Birmingham,"Artificial Intelligence, Automotive, Big Data, Cloud, Cyber Security, Insurtech, IoT, Machine Learning, SaaS",515630713,https://upstream.auto,,Security Cloud-based Security Platform for Connected and Autonomous Fleets
Upswift,Acquired,1-10,Undisclosed,,,,,,,Device Management Platform for Linux and IoT
V-HOLA,Pre-Seed,1-10,Undisclosed,2019,Kfar Saba,"Automotive, IoT, SaaS",516258894,https://www.v-hola.com,,In-vehicle Electromagnetic Radiation Detection
Valerann,A,11-50,$24M,2016,Tel Aviv,"Artificial Intelligence, Automotive, Big Data, IoT, Smart City",515027282,https://www.valerann.com,,Autonomous Traffic Control and Monitoring System
Vanti Analytics,Acquired,11-50,$22M,,,,,,,AI-powered Manufacturing Optimization Platform
VAYAVISION,Acquired,11-50,$10.76M,,,,,,,Vehicle Perception Engine for Safer Autonomous Driving
Vdoo,Acquired,11-50,$70M,,,,,,Presumed Inactive,Integrated Device Security Platform Vectoraic Pre- 1-10 Undisclosed  Funding
ViaGaN,Mature,500+,Undisclosed,,,,,,,Wafer-level Solutions for LED Manufacturing
Vidisco,Mature,11-50,Undisclosed,,,,,,,Portable X-ray Inspection Technologies
viisights,A,1-10,$21.2M,,,,,,,Video Intelligence Platform for Security and Surveillance ViLOG Pre- 1-10 Undisclosed AI-powered Yard Funding
Virtual Extension,Mature,1-10,Undisclosed,2000,Beit Dagan,"Automotive, Construction Tech, IoT, Smart City",512840448,http://www.virtual-extension.com,,Wireless Lighting Control Systems
Virtual Spirits,Mature,1-10,Undisclosed,,,,,,,"Chatbot Platform for Lead Generation,"
Visionary.ai,Seed,11-50,$8M,2020,Jerusalem,"Artificial Intelligence, Augmented Reality, Automotive, Deep Tech, Drones, IoT, Machine Learning, Robotics, Smart City",516288461,https://www.visionary.ai,,AI-based Image Signal Processing Solution
Vtool,Mature,51-200,$2M,,,,,,,AI-based Verification Analytics & Debugging Solution
WakingApp,Acquired,1-10,$10.4M,,,,,,,Realities AR Content Creation Platform
Waycare,Acquired,11-50,$10.12M,,,,,,,AI-driven Mobility Platform for Smart Cities
White Raven,Seed,1-10,$3.5M,,,,,,,Automotive Visual Positioning
XJet,Mature,51-200,$163.2M,2005,Rehovot,"Automotive, Deep Tech, Industry 4.0, IoT",513655233,https://xjet3d.com,,Additive Manufacturing of Ceramic and Metal Parts
Xyte,A,51-200,$26.4M,,,,,,,"Cloud Services Management Platform for Hardware Manufacturers, Integrators, and In-"
Yamar Electronics,Mature,1-10,Undisclosed,,,,,,Presumed Inactive,Semiconductors for Data Communication over DC Power Lines Yokaranda Pre- 1-10 Undisclosed  Funding
Yous,Seed,1-10,Undisclosed,,,,,,,Personal Mobility Insurance Solution
VisIC,B,11-50,$92.6M,2010,Ness Ziona,Automotive,514467513,https://www.visic-tech.com,,Technologies Gallium Nitride Devices for Electric Vehicles
Addionics,B,51-200,$73M,2017,London,"Artificial Intelligence, Automotive, Climate Tech, Deep Tech, Impact",515771194,https://www.addionics.com,,High-performance Rechargeable Batteries
Arbe Robotics,Public,51-200,$266M,2015,Tel Aviv,"Automotive, Deep Tech",515333128,http://www.arberobotics.com,,4D Imaging Radar Solutions for Autonomous Vehicles
Foresight,Public,51-200,$43.03M,2015,Ness Ziona,"Artificial Intelligence, Automotive, Machine Vision",520036062,https://www.foresightauto.com,,Detection Technology for Driver Assistance Systems
Foretellix,C,51-200,$135.14M,2017,Ramat Gan,"Artificial Intelligence, Automotive, Generative AI, Insurtech",514453794,https://www.foretellix.com,,Safety-Driven Verification and Validation for Automated Driving Systems
Gauzy,Public,201-500,$156.35M,2009,Tel Aviv,"Automotive, Construction Tech, Deep Tech, PropTech, RetailTech, Smart City",514335967,https://www.gauzy.com,,Smart Glass with Light Control Technology
Innoviz,Public,201-500,$728M,2016,Rosh Haayin,"Artificial Intelligence, Automotive, Construction Tech, Deep Tech",515382422,http://www.innoviz.tech,,ןוכמ ירבח Technologies High-performance Solid-state LiDAR and Perception Software
Ituran,Mature,201-500,$50M,1995,Azur,"Automotive, Insurtech",520043811,https://www.ituran.com/ituranfront/en,,Vehicle-tracking Technologies
Jungo,Public,11-50,$11.5M,2013,Netanya,"Artificial Intelligence, Automotive, Deep Tech, Insurtech, Machine Learning, Machine Vision",514663335,https://jungo.com,,Connectivity AI-Powered In-Cabin Sensing and Driver Safety Solutions for
Mobileye,Public,500+,$3.28B,1999,Jerusalem,"Artificial Intelligence, Automotive, Deep Tech, Insurtech, IoT, Machine Learning, Machine Vision",512700436,http://www.mobileye.com,,Autonomous Driving and Driver-assist Technologies
MOTOMEA,Mature,11-50,Undisclosed,,,,,,,Electric Motor and Powertrain Testing Using Dynamometer Systems
Rider Dome,Seed,11-50,$3.8M,2021,Singapore,"Artificial Intelligence, Automotive",,https://www.riderdome.com,,Rider Assistance Systems Public 500+ $246.83M
TankU,Seed,1-10,$8M,2014,Haifa,"Artificial Intelligence, Automotive, FinTech",515143394,https://www.tanku.com,,Computer Vision-based AI Solutions for Outdoor Retail
Valens,Public,201-500,$404M,2006,Hod Hasharon,"Automotive, Deep Tech",513887042,https://www.valens.com,,Semiconductor Solutions for Connectivity in AV and Automotive Industries
3DBattery,Seed,11-50,$5.32M,2017,Rehovot,"Automotive, Climate Tech",515439354,https://www.3dbattery.co.il,,Solid Cell Technology for Rechargeable Microbatteries
634 AI,Seed,1-10,Undisclosed,,,,,,,Industrial Mobility Technology
AD Knight,Seed,1-10,$2.91M,2018,Herzliya,"Automotive, IoT, Smart City",515898567,https://www.ad-knight.com,,Real-time Location Analytics
ADASKY,B,51-200,$85M,2015,Yoqneam Ilit,"Artificial Intelligence, Automotive, Deep Tech, Digital Health, Machine Vision, Smart City",515312304,https://www.adasky.com,,Thermal Sensing Solutions for Safe Mobility AeroMule Pre- 1-10 Undisclosed Aviation Funding
AIONZ,Acquired,1-10,Undisclosed,,,,,,,Lithium-ion Battery Diagnostics
Altair,Acquired,51-200,$124M,,,,,,,Semiconductor Single-mode LTE Telecom Chipsets
Anachoic,Seed,1-10,$3.05M,2018,Ramat Gan,"Artificial Intelligence, Automotive",515877884,https://www.anachoic.com,,
Apollo Power,Public,51-200,$414.28K,2014,Yoqneam Ilit,"Automotive, Blockchain, Climate Tech, Drones, FinTech, SpaceTech",520043928,https://www.apollo-power.com,,Flexible Solar Film Panels
Aquarius Engines,Public,11-50,$126.28M,2014,Kibbutz Yakum,"Automotive, IoT",515114429,https://www.aquariusengines.com,,Internal Combustion Engine for Cars and Generators
Aurora Labs,C,51-200,$97.5M,,,,,,,AI-based Vehicle Software Intelligence
Autobrains,C,51-200,$131.4M,2019,Tel Aviv,"Artificial Intelligence, Automotive",515928109,https://autobrains.ai,,Automotive AI Software for Advanced Driver Assistance and Fully Autonomous Driving Systems
Autotalks,Acquired,51-200,$85M,,,,,,,Vehicle-to-vehicle Communication Technology AutoTrust Pre- 1-10 Undisclosed
AxonPulse,Seed,11-50,$4.6M,,,,,,,AI-based Radar Perception
Battery Solution,Acquired,1-10,Undisclosed,,,,,,,International Battery Life Extension and Refurbishment
Blitz Motors,Public,11-50,$10.47M,,,,,,Presumed Inactive,Electric Scooters for Last Mile Logistics Blueguard Pre- 1-10 Undisclosed  Funding
BNC Systems,Mature,1-10,Undisclosed,,,,,,,Infotainment and Navigation Platforms
BQR Reliability,Mature,11-50,Undisclosed,1989,Rishon Le-Zion,"Automotive, DevOps, Industry 4.0, IoT",511359127,http://www.bqr.com,,Engineering Comprehensive Software for Reliability Engineering and Maintenance
Bright Way Vision,Mature,11-50,$25M,,,,,,,CMOS-based All- weather Vision System
Bringoz,A,51-200,Undisclosed,2016,Tel Aviv,"Automotive, RetailTech",515317360,https://www.bringoz.com,,Technologies Intelligent Delivery and Distribution Management System
Brodmann17,A,1-10,$19.39M,,,,,,Presumed Inactive,Deep-learning Engine for Visual Recognition C-Tower Pre- 1-10 Undisclosed  Funding
CAARESYS,Acquired,1-10,$728K,,,,,,,Vital Sign Monitoring System
CARRAR,A,11-50,$9.9M,2019,Sderot,Automotive,516024825,https://carrar.net,,Battery Systems for Electric Vehicles CarsDome Pre- 1-10 Undisclosed Robotics Funding
CENS Materials,A,1-10,$7.16M,2005,Altdorf,"Automotive, Climate Tech",,https://www.cenh2.com,,Nanotech Materials that Boost Performance and Lifespan of Li-ion Batteries
Charging,Public,1-10,Undisclosed,2021,Omer,"Automotive, Climate Tech, Robotics",516333671,https://www.chargingrobotics.com,,Robotics Automatic Wireless Charging System
CipherSiP,Seed,1-10,$4M,2018,Haifa,"Automotive, Cyber Security, Industry 4.0, IoT",515863157,https://ciphersip.com,,Secured High-speed Connectivity
Cipia Vision,Public,51-200,$80.39M,,,,,,,AI-based Monitoring Solutions for Drivers
